,TRADEDATE,CASH_VALUE,STOCK_VALUE,TOTAL_ASSET,NAV
0,2012-12-31,0.0,9999.46,9999.46,0.9999
1,2013-01-04,0.0,10024.08,10024.08,1.0024
2,2013-01-07,0.0,10048.91,10048.91,1.0049
3,2013-01-08,0.0,10067.97,10067.97,1.0068
4,2013-01-09,0.0,10079.22,10079.22,1.0079
5,2013-01-10,0.0,10143.47,10143.47,1.0143
6,2013-01-11,0.0,10116.67,10116.67,1.0117
7,2013-01-14,0.0,10277.25,10277.25,1.0277
8,2013-01-15,0.0,10368.86,10368.86,1.0369
9,2013-01-16,0.0,10408.31,10408.31,1.0408
10,2013-01-17,0.0,10423.38,10423.38,1.0423
11,2013-01-18,0.0,10499.77,10499.77,1.05
12,2013-01-21,0.0,10567.22,10567.22,1.0567
13,2013-01-22,0.0,10503.83,10503.83,1.0504
14,2013-01-23,0.0,10491.73,10491.73,1.0492
15,2013-01-24,0.0,10442.36,10442.36,1.0442
16,2013-01-25,0.0,10408.06,10408.06,1.0408
17,2013-01-28,0.0,10533.16,10533.16,1.0533
18,2013-01-29,0.0,10561.76,10561.76,1.0562
19,2013-01-30,0.0,10571.85,10571.85,1.0572
20,2013-01-31,0.0,10643.49,10643.49,1.0643
21,2013-02-01,0.0,10685.69,10685.69,1.0686
22,2013-02-04,0.0,10666.23,10666.23,1.0666
23,2013-02-05,0.0,10658.16,10658.16,1.0658
24,2013-02-06,0.0,10692.53,10692.53,1.0693
25,2013-02-07,0.0,10734.79,10734.79,1.0735
26,2013-02-08,0.0,10904.99,10904.99,1.0905
27,2013-02-18,0.0,10896.6,10896.6,1.0897
28,2013-02-19,0.0,10808.81,10808.81,1.0809
29,2013-02-20,0.0,10900.87,10900.87,1.0901
30,2013-02-21,0.0,10735.27,10735.27,1.0735
31,2013-02-22,0.0,10667.33,10667.33,1.0667
32,2013-02-25,0.0,10655.76,10655.76,1.0656
33,2013-02-26,0.0,10625.09,10625.09,1.0625
34,2013-02-27,0.0,10638.54,10638.54,1.0639
35,2013-02-28,0.0,10767.98,10767.98,1.0768
36,2013-03-01,0.0,10805.07,10805.07,1.0805
37,2013-03-04,0.0,10626.11,10626.11,1.0626
38,2013-03-05,0.0,10686.82,10686.82,1.0687
39,2013-03-06,0.0,10820.43,10820.43,1.082
40,2013-03-07,0.0,10759.58,10759.58,1.076
41,2013-03-08,0.0,10768.0,10768.0,1.0768
42,2013-03-11,0.0,10733.08,10733.08,1.0733
43,2013-03-12,0.0,10694.67,10694.67,1.0695
44,2013-03-13,0.0,10613.67,10613.67,1.0614
45,2013-03-14,0.0,10581.15,10581.15,1.0581
46,2013-03-15,0.0,10592.87,10592.87,1.0593
47,2013-03-18,0.0,10537.76,10537.76,1.0538
48,2013-03-19,0.0,10550.96,10550.96,1.0551
49,2013-03-20,0.0,10686.66,10686.66,1.0687
50,2013-03-21,0.0,10756.03,10756.03,1.0756
51,2013-03-22,0.0,10880.62,10880.62,1.0881
52,2013-03-25,0.0,10968.45,10968.45,1.0968
53,2013-03-26,0.0,10922.16,10922.16,1.0922
54,2013-03-27,0.0,10925.94,10925.94,1.0926
55,2013-03-28,0.0,10777.69,10777.69,1.0778
56,2013-03-29,0.0,10783.66,10783.66,1.0784
57,2013-04-01,0.0,10848.4,10848.4,1.0848
58,2013-04-02,0.0,10792.78,10792.78,1.0793
59,2013-04-03,0.0,10735.19,10735.19,1.0735
60,2013-04-08,0.0,10749.02,10749.02,1.0749
61,2013-04-09,0.0,10812.2,10812.2,1.0812
62,2013-04-10,0.0,10813.99,10813.99,1.0814
63,2013-04-11,0.0,10844.24,10844.24,1.0844
64,2013-04-12,0.0,10831.24,10831.24,1.0831
65,2013-04-15,0.0,10734.82,10734.82,1.0735
66,2013-04-16,0.0,10724.29,10724.29,1.0724
67,2013-04-17,0.0,10699.88,10699.88,1.07
68,2013-04-18,0.0,10697.93,10697.93,1.0698
69,2013-04-19,0.0,10785.93,10785.93,1.0786
70,2013-04-22,0.0,10732.28,10732.28,1.0732
71,2013-04-23,0.0,10603.82,10603.82,1.0604
72,2013-04-24,0.0,10654.55,10654.55,1.0655
73,2013-04-25,0.0,10655.95,10655.95,1.0656
74,2013-04-26,0.0,10638.81,10638.81,1.0639
75,2013-05-02,0.0,10622.61,10622.61,1.0623
76,2013-05-03,0.0,10680.35,10680.35,1.068
77,2013-05-06,0.0,10754.32,10754.32,1.0754
78,2013-05-07,0.0,10797.06,10797.06,1.0797
79,2013-05-08,0.0,10851.4,10851.4,1.0851
80,2013-05-09,0.0,10831.61,10831.61,1.0832
81,2013-05-10,0.0,10855.47,10855.47,1.0855
82,2013-05-13,0.0,10884.59,10884.59,1.0885
83,2013-05-14,0.0,10847.56,10847.56,1.0848
84,2013-05-15,0.0,10865.63,10865.63,1.0866
85,2013-05-16,0.0,10953.38,10953.38,1.0953
86,2013-05-17,0.0,11095.2,11095.2,1.1095
87,2013-05-20,0.0,11156.92,11156.92,1.1157
88,2013-05-21,0.0,11124.17,11124.17,1.1124
89,2013-05-22,0.0,11037.19,11037.19,1.1037
90,2013-05-23,0.0,11006.73,11006.73,1.1007
91,2013-05-24,0.0,11039.27,11039.27,1.1039
92,2013-05-27,0.0,11059.39,11059.39,1.1059
93,2013-05-28,0.0,11166.53,11166.53,1.1167
94,2013-05-29,0.0,11202.33,11202.33,1.1202
95,2013-05-30,0.0,11194.2,11194.2,1.1194
96,2013-05-31,0.0,11206.44,11206.44,1.1206
97,2013-06-03,0.0,11211.4,11211.4,1.1211
98,2013-06-04,0.0,11118.57,11118.57,1.1119
99,2013-06-05,0.0,11102.31,11102.31,1.1102
100,2013-06-06,0.0,11041.0,11041.0,1.1041
101,2013-06-07,0.0,10986.12,10986.12,1.0986
102,2013-06-13,0.0,10852.9,10852.9,1.0853
103,2013-06-14,0.0,10857.81,10857.81,1.0858
104,2013-06-17,0.0,10845.6,10845.6,1.0846
105,2013-06-18,0.0,10860.42,10860.42,1.086
106,2013-06-19,552.3,10243.42,10795.72,1.0796
107,2013-06-20,552.3,9985.45,10537.75,1.0538
108,2013-06-21,552.3,10016.12,10568.42,1.0568
109,2013-06-24,552.3,9785.64,10337.94,1.0338
110,2013-06-25,552.3,9848.56,10400.86,1.0401
111,2013-06-26,552.3,9895.9,10448.2,1.0448
112,2013-06-27,552.3,9931.53,10483.83,1.0484
113,2013-06-28,552.3,9964.48,10516.78,1.0517
114,2013-07-01,552.3,10080.67,10632.97,1.0633
115,2013-07-02,552.3,10115.94,10668.24,1.0668
116,2013-07-03,552.3,10098.91,10651.21,1.0651
117,2013-07-04,552.3,10122.59,10674.89,1.0675
118,2013-07-05,552.3,10149.58,10701.88,1.0702
119,2013-07-08,552.3,10080.92,10633.22,1.0633
120,2013-07-09,0.0,10633.24,10633.24,1.0633
121,2013-07-10,0.0,10676.46,10676.46,1.0676
122,2013-07-11,531.99,10204.5,10736.49,1.0736
123,2013-07-12,531.99,10166.61,10698.6,1.0699
124,2013-07-15,531.99,10176.6,10708.59,1.0709
125,2013-07-16,531.99,10164.44,10696.43,1.0696
126,2013-07-17,531.99,10121.33,10653.32,1.0653
127,2013-07-18,531.99,10041.19,10573.18,1.0573
128,2013-07-19,531.99,10013.82,10545.81,1.0546
129,2013-07-22,531.99,10001.12,10533.11,1.0533
130,2013-07-23,531.99,10055.99,10587.98,1.0588
131,2013-07-24,531.99,10029.3,10561.29,1.0561
132,2013-07-25,531.99,10015.39,10547.38,1.0547
133,2013-07-26,531.99,10018.69,10550.68,1.0551
134,2013-07-29,531.99,9980.39,10512.38,1.0512
135,2013-07-30,531.99,9978.48,10510.47,1.051
136,2013-07-31,531.99,9986.31,10518.3,1.0518
137,2013-08-01,531.99,10070.2,10602.19,1.0602
138,2013-08-02,531.99,10082.29,10614.28,1.0614
139,2013-08-05,531.99,10135.91,10667.9,1.0668
140,2013-08-06,0.0,10705.18,10705.18,1.0705
141,2013-08-07,0.0,10682.81,10682.81,1.0683
142,2013-08-08,0.0,10678.65,10678.65,1.0679
143,2013-08-09,0.0,10678.85,10678.85,1.0679
144,2013-08-12,0.0,10723.57,10723.57,1.0724
145,2013-08-13,0.0,10739.99,10739.99,1.074
146,2013-08-14,0.0,10714.02,10714.02,1.0714
147,2013-08-15,0.0,10682.59,10682.59,1.0683
148,2013-08-16,0.0,10644.74,10644.74,1.0645
149,2013-08-19,0.0,10674.92,10674.92,1.0675
150,2013-08-20,0.0,10661.43,10661.43,1.0661
151,2013-08-21,0.0,10617.93,10617.93,1.0618
152,2013-08-22,0.0,10604.04,10604.04,1.0604
153,2013-08-23,0.0,10608.49,10608.49,1.0608
154,2013-08-26,0.0,10649.07,10649.07,1.0649
155,2013-08-27,0.0,10662.36,10662.36,1.0662
156,2013-08-28,0.0,10659.15,10659.15,1.0659
157,2013-08-29,0.0,10657.99,10657.99,1.0658
158,2013-08-30,0.0,10677.69,10677.69,1.0678
159,2013-09-02,0.0,10656.61,10656.61,1.0657
160,2013-09-03,0.0,10204.23,10204.23,1.0204
161,2013-09-04,0.0,10212.07,10212.07,1.0212
162,2013-09-05,0.0,10211.2,10211.2,1.0211
163,2013-09-06,0.0,10213.78,10213.78,1.0214
164,2013-09-09,0.0,10303.3,10303.3,1.0303
165,2013-09-10,0.0,10345.07,10345.07,1.0345
166,2013-09-11,0.0,10449.89,10449.89,1.045
167,2013-09-12,0.0,10500.77,10500.77,1.0501
168,2013-09-13,0.0,10423.99,10423.99,1.0424
169,2013-09-16,0.0,10355.83,10355.83,1.0356
170,2013-09-17,0.0,10317.36,10317.36,1.0317
171,2013-09-18,0.0,10345.45,10345.45,1.0345
172,2013-09-23,0.0,10371.91,10371.91,1.0372
173,2013-09-24,0.0,10391.73,10391.73,1.0392
174,2013-09-25,0.0,10402.49,10402.49,1.0402
175,2013-09-26,0.0,10333.66,10333.66,1.0334
176,2013-09-27,0.0,10323.59,10323.59,1.0324
177,2013-09-30,0.0,10335.55,10335.55,1.0336
178,2013-10-08,0.0,10378.35,10378.35,1.0378
179,2013-10-09,0.0,10439.78,10439.78,1.044
180,2013-10-10,0.0,10367.74,10367.74,1.0368
181,2013-10-11,0.0,10391.04,10391.04,1.0391
182,2013-10-14,0.0,10460.23,10460.23,1.046
183,2013-10-15,0.0,10447.59,10447.59,1.0448
184,2013-10-16,0.0,10393.38,10393.38,1.0393
185,2013-10-17,0.0,10377.79,10377.79,1.0378
186,2013-10-18,0.0,10374.23,10374.23,1.0374
187,2013-10-21,0.0,10406.65,10406.65,1.0407
188,2013-10-22,0.0,10376.18,10376.18,1.0376
189,2013-10-23,0.0,10325.23,10325.23,1.0325
190,2013-10-24,0.0,10283.41,10283.41,1.0283
191,2013-10-25,0.0,10208.64,10208.64,1.0209
192,2013-10-28,0.0,10188.35,10188.35,1.0188
193,2013-10-29,0.0,10158.18,10158.18,1.0158
194,2013-10-30,0.0,10225.65,10225.65,1.0226
195,2013-10-31,0.0,10200.12,10200.12,1.02
196,2013-11-01,0.0,10226.2,10226.2,1.0226
197,2013-11-04,0.0,10235.32,10235.32,1.0235
198,2013-11-05,0.0,10232.04,10232.04,1.0232
199,2013-11-06,0.0,10211.8,10211.8,1.0212
200,2013-11-07,0.0,10156.5,10156.5,1.0156
201,2013-11-08,0.0,10087.06,10087.06,1.0087
202,2013-11-11,0.0,10097.32,10097.32,1.0097
203,2013-11-12,0.0,10130.0,10130.0,1.013
204,2013-11-13,0.0,10056.06,10056.06,1.0056
205,2013-11-14,0.0,10077.03,10077.03,1.0077
206,2013-11-15,0.0,10091.94,10091.94,1.0092
207,2013-11-18,0.0,10196.41,10196.41,1.0196
208,2013-11-19,0.0,10213.98,10213.98,1.0214
209,2013-11-20,0.0,10275.07,10275.07,1.0275
210,2013-11-21,0.0,10287.79,10287.79,1.0288
211,2013-11-22,0.0,10274.06,10274.06,1.0274
212,2013-11-25,0.0,10248.3,10248.3,1.0248
213,2013-11-26,0.0,10235.5,10235.5,1.0236
214,2013-11-27,0.0,10268.88,10268.88,1.0269
215,2013-11-28,0.0,10293.93,10293.93,1.0294
216,2013-11-29,0.0,10302.53,10302.53,1.0303
217,2013-12-02,0.0,10179.68,10179.68,1.018
218,2013-12-03,0.0,10247.93,10247.93,1.0248
219,2013-12-04,0.0,10313.05,10313.05,1.0313
220,2013-12-05,0.0,10265.58,10265.58,1.0266
221,2013-12-06,0.0,10218.64,10218.64,1.0219
222,2013-12-09,0.0,10239.78,10239.78,1.024
223,2013-12-10,0.0,10247.98,10247.98,1.0248
224,2013-12-11,0.0,10197.72,10197.72,1.0198
225,2013-12-12,0.0,10198.5,10198.5,1.0198
226,2013-12-13,0.0,10200.54,10200.54,1.0201
227,2013-12-16,0.0,10131.08,10131.08,1.0131
228,2013-12-17,0.0,10103.73,10103.73,1.0104
229,2013-12-18,0.0,10080.34,10080.34,1.008
230,2013-12-19,0.0,9970.72,9970.72,0.9971
231,2013-12-20,0.0,9889.46,9889.46,0.9889
232,2013-12-23,0.0,9916.23,9916.23,0.9916
233,2013-12-24,0.0,9928.2,9928.2,0.9928
234,2013-12-25,0.0,9992.22,9992.22,0.9992
235,2013-12-26,0.0,9966.41,9966.41,0.9966
236,2013-12-27,0.0,10019.56,10019.56,1.002
237,2013-12-30,0.0,10025.27,10025.27,1.0025
238,2013-12-31,0.0,10046.85,10046.85,1.0047
239,2014-01-02,0.0,10053.72,10053.72,1.0054
240,2014-01-03,0.0,10011.61,10011.61,1.0012
241,2014-01-06,0.0,9894.64,9894.64,0.9895
242,2014-01-07,0.0,9891.1,9891.1,0.9891
243,2014-01-08,0.0,9880.11,9880.11,0.988
244,2014-01-09,0.0,9839.66,9839.66,0.984
245,2014-01-10,0.0,9755.37,9755.37,0.9755
246,2014-01-13,0.0,9720.07,9720.07,0.972
247,2014-01-14,0.0,9756.83,9756.83,0.9757
248,2014-01-15,0.0,9757.56,9757.56,0.9758
249,2014-01-16,0.0,9775.99,9775.99,0.9776
250,2014-01-17,0.0,9727.18,9727.18,0.9727
251,2014-01-20,0.0,9632.38,9632.38,0.9632
252,2014-01-21,0.0,9679.89,9679.89,0.968
253,2014-01-22,0.0,9830.82,9830.82,0.9831
254,2014-01-23,0.0,9827.14,9827.14,0.9827
255,2014-01-24,0.0,9861.6,9861.6,0.9862
256,2014-01-27,0.0,9866.37,9866.37,0.9866
257,2014-01-28,0.0,9877.5,9877.5,0.9878
258,2014-01-29,0.0,9921.56,9921.56,0.9922
259,2014-01-30,0.0,9924.67,9924.67,0.9925
260,2014-02-07,0.0,9926.59,9926.59,0.9927
261,2014-02-10,0.0,10067.15,10067.15,1.0067
262,2014-02-11,0.0,10040.1,10040.1,1.004
263,2014-02-12,0.0,10067.91,10067.91,1.0068
264,2014-02-13,0.0,10039.21,10039.21,1.0039
265,2014-02-14,0.0,10073.79,10073.79,1.0074
266,2014-02-17,0.0,10106.56,10106.56,1.0107
267,2014-02-18,0.0,10067.64,10067.64,1.0068
268,2014-02-19,0.0,10061.77,10061.77,1.0062
269,2014-02-20,0.0,10097.98,10097.98,1.0098
270,2014-02-21,0.0,10063.31,10063.31,1.0063
271,2014-02-24,0.0,9974.18,9974.18,0.9974
272,2014-02-25,0.0,9931.5,9931.5,0.9932
273,2014-02-26,0.0,9918.54,9918.54,0.9919
274,2014-02-27,0.0,9967.93,9967.93,0.9968
275,2014-02-28,0.0,9966.74,9966.74,0.9967
276,2014-03-03,0.0,10002.55,10002.55,1.0003
277,2014-03-04,0.0,10007.54,10007.54,1.0008
278,2014-03-05,0.0,9966.16,9966.16,0.9966
279,2014-03-06,0.0,9971.57,9971.57,0.9972
280,2014-03-07,0.0,10053.28,10053.28,1.0053
281,2014-03-10,0.0,9973.3,9973.3,0.9973
282,2014-03-11,0.0,9969.81,9969.81,0.997
283,2014-03-12,0.0,9951.72,9951.72,0.9952
284,2014-03-13,0.0,9962.05,9962.05,0.9962
285,2014-03-14,0.0,9960.19,9960.19,0.996
286,2014-03-17,0.0,9972.21,9972.21,0.9972
287,2014-03-18,0.0,9989.56,9989.56,0.999
288,2014-03-19,0.0,9963.46,9963.46,0.9963
289,2014-03-20,0.0,9943.03,9943.03,0.9943
290,2014-03-21,0.0,10003.83,10003.83,1.0004
291,2014-03-24,0.0,10019.66,10019.66,1.002
292,2014-03-25,0.0,10027.23,10027.23,1.0027
293,2014-03-26,0.0,10025.12,10025.12,1.0025
294,2014-03-27,0.0,10011.97,10011.97,1.0012
295,2014-03-28,0.0,9974.89,9974.89,0.9975
296,2014-03-31,0.0,9949.61,9949.61,0.995
297,2014-04-01,0.0,9995.42,9995.42,0.9995
298,2014-04-02,0.0,10007.01,10007.01,1.0007
299,2014-04-03,0.0,9994.49,9994.49,0.9994
300,2014-04-04,0.0,10033.34,10033.34,1.0033
301,2014-04-08,0.0,10114.48,10114.48,1.0114
302,2014-04-09,0.0,10124.29,10124.29,1.0124
303,2014-04-10,0.0,10188.59,10188.59,1.0189
304,2014-04-11,0.0,10176.9,10176.9,1.0177
305,2014-04-14,0.0,10178.15,10178.15,1.0178
306,2014-04-15,0.0,10132.15,10132.15,1.0132
307,2014-04-16,0.0,10117.42,10117.42,1.0117
308,2014-04-17,0.0,10106.59,10106.59,1.0107
309,2014-04-18,0.0,10122.94,10122.94,1.0123
310,2014-04-21,0.0,10090.62,10090.62,1.0091
311,2014-04-22,0.0,10096.71,10096.71,1.0097
312,2014-04-23,0.0,10099.56,10099.56,1.01
313,2014-04-24,0.0,10094.48,10094.48,1.0094
314,2014-04-25,0.0,10077.16,10077.16,1.0077
315,2014-04-28,0.0,10016.55,10016.55,1.0017
316,2014-04-29,0.0,10053.58,10053.58,1.0054
317,2014-04-30,0.0,10072.48,10072.48,1.0072
318,2014-05-05,0.0,10070.47,10070.47,1.007
319,2014-05-06,0.0,10096.22,10096.22,1.0096
320,2014-05-07,0.0,10064.65,10064.65,1.0065
321,2014-05-08,0.0,10071.15,10071.15,1.0071
322,2014-05-09,0.0,10087.37,10087.37,1.0087
323,2014-05-12,0.0,10160.39,10160.39,1.016
324,2014-05-13,0.0,10148.46,10148.46,1.0148
325,2014-05-14,0.0,10138.41,10138.41,1.0138
326,2014-05-15,0.0,10111.23,10111.23,1.0111
327,2014-05-16,0.0,10106.79,10106.79,1.0107
328,2014-05-19,0.0,10052.56,10052.56,1.0053
329,2014-05-20,0.0,10039.6,10039.6,1.004
330,2014-05-21,0.0,10066.59,10066.59,1.0067
331,2014-05-22,0.0,10080.68,10080.68,1.0081
332,2014-05-23,0.0,10113.2,10113.2,1.0113
333,2014-05-26,0.0,10123.27,10123.27,1.0123
334,2014-05-27,0.0,10133.76,10133.76,1.0134
335,2014-05-28,0.0,10158.42,10158.42,1.0158
336,2014-05-29,0.0,10162.17,10162.17,1.0162
337,2014-05-30,0.0,10169.76,10169.76,1.017
338,2014-06-03,0.0,10183.8,10183.8,1.0184
339,2014-06-04,0.0,10146.8,10146.8,1.0147
340,2014-06-05,0.0,10185.22,10185.22,1.0185
341,2014-06-06,0.0,10209.32,10209.32,1.0209
342,2014-06-09,0.0,10241.35,10241.35,1.0241
343,2014-06-10,0.0,10317.3,10317.3,1.0317
344,2014-06-11,0.0,10334.27,10334.27,1.0334
345,2014-06-12,0.0,10331.71,10331.71,1.0332
346,2014-06-13,0.0,10434.75,10434.75,1.0435
347,2014-06-16,0.0,10485.66,10485.66,1.0486
348,2014-06-17,0.0,10396.34,10396.34,1.0396
349,2014-06-18,0.0,10328.01,10328.01,1.0328
350,2014-06-19,0.0,10285.72,10285.72,1.0286
351,2014-06-20,0.0,10336.12,10336.12,1.0336
352,2014-06-23,0.0,10357.41,10357.41,1.0357
353,2014-06-24,0.0,10385.59,10385.59,1.0386
354,2014-06-25,0.0,10379.19,10379.19,1.0379
355,2014-06-26,0.0,10427.3,10427.3,1.0427
356,2014-06-27,0.0,10450.25,10450.25,1.045
357,2014-06-30,0.0,10463.07,10463.07,1.0463
358,2014-07-01,0.0,10440.54,10440.54,1.0441
359,2014-07-02,0.0,10467.02,10467.02,1.0467
360,2014-07-03,0.0,10488.21,10488.21,1.0488
361,2014-07-04,0.0,10476.66,10476.66,1.0477
362,2014-07-07,0.0,10487.13,10487.13,1.0487
363,2014-07-08,0.0,10495.91,10495.91,1.0496
364,2014-07-09,0.0,10426.74,10426.74,1.0427
365,2014-07-10,0.0,10424.36,10424.36,1.0424
366,2014-07-11,0.0,10466.09,10466.09,1.0466
367,2014-07-14,0.0,10532.19,10532.19,1.0532
368,2014-07-15,0.0,10542.66,10542.66,1.0543
369,2014-07-16,0.0,10548.49,10548.49,1.0548
370,2014-07-17,0.0,10507.19,10507.19,1.0507
371,2014-07-18,0.0,10535.17,10535.17,1.0535
372,2014-07-21,0.0,10520.65,10520.65,1.0521
373,2014-07-22,0.0,10575.49,10575.49,1.0575
374,2014-07-23,0.0,10574.67,10574.67,1.0575
375,2014-07-24,0.0,10611.28,10611.28,1.0611
376,2014-07-25,0.0,10627.34,10627.34,1.0627
377,2014-07-28,0.0,10708.95,10708.95,1.0709
378,2014-07-29,0.0,10726.47,10726.47,1.0726
379,2014-07-30,0.0,10725.98,10725.98,1.0726
380,2014-07-31,0.0,10775.62,10775.62,1.0776
381,2014-08-01,0.0,10860.23,10860.23,1.086
382,2014-08-04,0.0,10965.22,10965.22,1.0965
383,2014-08-05,0.0,10957.14,10957.14,1.0957
384,2014-08-06,0.0,10976.62,10976.62,1.0977
385,2014-08-07,0.0,10892.72,10892.72,1.0893
386,2014-08-08,0.0,10900.48,10900.48,1.09
387,2014-08-11,0.0,10982.65,10982.65,1.0983
388,2014-08-12,0.0,10996.1,10996.1,1.0996
389,2014-08-13,0.0,10978.67,10978.67,1.0979
390,2014-08-14,0.0,10927.67,10927.67,1.0928
391,2014-08-15,0.0,10982.08,10982.08,1.0982
392,2014-08-18,0.0,11032.6,11032.6,1.1033
393,2014-08-19,0.0,11036.68,11036.68,1.1037
394,2014-08-20,0.0,11041.11,11041.11,1.1041
395,2014-08-21,0.0,10975.14,10975.14,1.0975
396,2014-08-22,0.0,10999.37,10999.37,1.0999
397,2014-08-25,0.0,10969.97,10969.97,1.097
398,2014-08-26,0.0,10890.18,10890.18,1.089
399,2014-08-27,0.0,10904.38,10904.38,1.0904
400,2014-08-28,0.0,10878.51,10878.51,1.0879
401,2014-08-29,0.0,10938.36,10938.36,1.0938
402,2014-09-01,0.0,11061.84,11061.84,1.1062
403,2014-09-02,0.0,11143.58,11143.58,1.1144
404,2014-09-03,0.0,11240.48,11240.48,1.124
405,2014-09-04,0.0,11277.3,11277.3,1.1277
406,2014-09-05,0.0,11346.16,11346.16,1.1346
407,2014-09-09,551.74,11318.96,11870.7,1.1871
408,2014-09-10,551.74,11332.82,11884.56,1.1885
409,2014-09-11,551.74,11326.98,11878.72,1.1879
410,2014-09-12,551.74,11411.64,11963.38,1.1963
411,2014-09-15,551.74,11414.12,11965.86,1.1966
412,2014-09-16,551.74,11247.59,11799.33,1.1799
413,2014-09-17,551.74,11266.68,11818.42,1.1818
414,2014-09-18,551.74,11347.12,11898.86,1.1899
415,2014-09-19,551.74,11379.14,11930.88,1.1931
416,2014-09-22,551.74,11276.18,11827.92,1.1828
417,2014-09-23,551.74,11324.64,11876.38,1.1876
418,2014-09-24,551.74,11477.69,12029.43,1.2029
419,2014-09-25,551.74,11527.5,12079.24,1.2079
420,2014-09-26,0.0,11468.93,11468.93,1.1469
421,2014-09-29,0.0,11493.44,11493.44,1.1493
422,2014-09-30,0.0,11578.8,11578.8,1.1579
423,2014-10-08,0.0,11589.19,11589.19,1.1589
424,2014-10-09,0.0,11629.68,11629.68,1.163
425,2014-10-10,0.0,11566.05,11566.05,1.1566
426,2014-10-13,0.0,11527.6,11527.6,1.1528
427,2014-10-14,0.0,11489.15,11489.15,1.1489
428,2014-10-15,0.0,11525.53,11525.53,1.1526
429,2014-10-16,0.0,11508.22,11508.22,1.1508
430,2014-10-17,0.0,11486.88,11486.88,1.1487
431,2014-10-20,0.0,11536.15,11536.15,1.1536
432,2014-10-21,0.0,11533.56,11533.56,1.1534
433,2014-10-22,0.0,11523.86,11523.86,1.1524
434,2014-10-23,0.0,11560.21,11560.21,1.156
435,2014-10-24,0.0,11546.49,11546.49,1.1546
436,2014-10-27,0.0,11494.8,11494.8,1.1495
437,2014-10-28,0.0,11604.06,11604.06,1.1604
438,2014-10-29,0.0,11792.59,11792.59,1.1793
439,2014-10-30,0.0,11946.24,11946.24,1.1946
440,2014-10-31,0.0,12080.65,12080.65,1.2081
441,2014-11-03,0.0,12240.69,12240.69,1.2241
442,2014-11-04,0.0,12333.24,12333.24,1.2333
443,2014-11-05,0.0,12286.12,12286.12,1.2286
444,2014-11-06,0.0,12343.72,12343.72,1.2344
445,2014-11-07,0.0,12445.42,12445.42,1.2445
446,2014-11-10,0.0,12663.74,12663.74,1.2664
447,2014-11-11,0.0,12487.26,12487.26,1.2487
448,2014-11-12,0.0,12571.72,12571.72,1.2572
449,2014-11-13,0.0,12521.77,12521.77,1.2522
450,2014-11-14,0.0,12440.71,12440.71,1.2441
451,2014-11-17,0.0,12317.98,12317.98,1.2318
452,2014-11-18,0.0,12165.0,12165.0,1.2165
453,2014-11-19,0.0,12154.76,12154.76,1.2155
454,2014-11-20,610.26,12254.63,12864.89,1.2865
455,2014-11-21,610.26,12430.03,13040.29,1.304
456,2014-11-24,610.26,12625.27,13235.53,1.3236
457,2014-11-25,610.26,12713.96,13324.22,1.3324
458,2014-11-26,610.26,12774.51,13384.77,1.3385
459,2014-11-27,610.26,12814.22,13424.48,1.3424
460,2014-11-28,0.0,12854.69,12854.69,1.2855
461,2014-12-01,0.0,12687.8,12687.8,1.2688
462,2014-12-02,0.0,12871.7,12871.7,1.2872
463,2014-12-03,648.17,12920.59,13568.76,1.3569
464,2014-12-04,648.17,13229.56,13877.73,1.3878
465,2014-12-05,648.17,13192.24,13840.41,1.384
466,2014-12-08,648.17,13408.74,14056.91,1.4057
467,2014-12-09,648.17,12727.62,13375.79,1.3376
468,2014-12-10,648.17,13030.59,13678.76,1.3679
469,2014-12-11,648.17,12975.96,13624.13,1.3624
470,2014-12-12,648.17,13024.37,13672.54,1.3673
471,2014-12-15,648.17,13088.82,13736.99,1.3737
472,2014-12-16,648.17,13382.03,14030.2,1.403
473,2014-12-17,648.17,13550.91,14199.08,1.4199
474,2014-12-18,648.17,13746.6,14394.77,1.4395
475,2014-12-19,648.17,14074.89,14723.06,1.4723
476,2014-12-22,648.17,14167.48,14815.65,1.4816
477,2014-12-23,648.17,13910.02,14558.19,1.4558
478,2014-12-24,648.17,13824.76,14472.93,1.4473
479,2014-12-25,648.17,14206.52,14854.69,1.4855
480,2014-12-26,0.0,14435.95,14435.95,1.4436
481,2014-12-29,0.0,14567.43,14567.43,1.4567
482,2014-12-30,0.0,14554.24,14554.24,1.4554
483,2014-12-31,732.16,14763.21,15495.37,1.5495
484,2015-01-05,732.16,15388.33,16120.49,1.612
485,2015-01-06,732.16,15584.83,16316.99,1.6317
486,2015-01-07,732.16,15849.41,16581.57,1.6582
487,2015-01-08,732.16,15693.27,16425.43,1.6425
488,2015-01-09,732.16,15814.32,16546.48,1.6546
489,2015-01-12,732.16,15446.24,16178.4,1.6178
490,2015-01-13,732.16,15529.63,16261.79,1.6262
491,2015-01-14,732.16,15583.16,16315.32,1.6315
492,2015-01-15,732.16,15752.27,16484.43,1.6484
493,2015-01-16,732.16,15929.0,16661.16,1.6661
494,2015-01-19,732.16,15251.84,15984.0,1.5984
495,2015-01-20,732.16,15472.09,16204.25,1.6204
496,2015-01-21,732.16,15851.19,16583.35,1.6583
497,2015-01-22,732.16,15981.56,16713.72,1.6714
498,2015-01-23,732.16,15977.33,16709.49,1.6709
499,2015-01-26,732.16,15777.21,16509.37,1.6509
500,2015-01-27,0.0,15561.78,15561.78,1.5562
501,2015-01-28,0.0,15362.08,15362.08,1.5362
502,2015-01-29,0.0,15189.84,15189.84,1.519
503,2015-01-30,0.0,15018.38,15018.38,1.5018
504,2015-02-02,0.0,14745.45,14745.45,1.4745
505,2015-02-03,0.0,14839.97,14839.97,1.484
506,2015-02-04,0.0,14871.65,14871.65,1.4872
507,2015-02-05,0.0,14888.78,14888.78,1.4889
508,2015-02-06,0.0,14667.62,14667.62,1.4668
509,2015-02-09,684.25,14689.47,15373.72,1.5374
510,2015-02-10,684.25,14803.63,15487.88,1.5488
511,2015-02-11,684.25,14842.3,15526.55,1.5527
512,2015-02-12,684.25,14885.23,15569.48,1.5569
513,2015-02-13,1358.39,14328.46,15686.85,1.5687
514,2015-02-16,2042.23,13803.02,15845.25,1.5845
515,2015-02-17,2042.23,13855.62,15897.85,1.5898
516,2015-02-25,2759.73,13035.13,15794.86,1.5795
517,2015-02-26,2759.73,13126.72,15886.45,1.5886
518,2015-02-27,2759.73,13106.35,15866.08,1.5866
519,2015-03-02,2759.73,13125.43,15885.16,1.5885
520,2015-03-03,0.0,15079.66,15079.66,1.508
521,2015-03-04,765.3,15110.81,15876.11,1.5876
522,2015-03-05,765.3,15048.17,15813.47,1.5813
523,2015-03-06,765.3,15007.25,15772.55,1.5773
524,2015-03-09,1530.57,14359.69,15890.26,1.589
525,2015-03-10,1530.57,14414.64,15945.21,1.5945
526,2015-03-11,1530.57,14409.13,15939.7,1.594
527,2015-03-12,3042.72,12892.79,15935.51,1.5936
528,2015-03-13,3042.72,12962.18,16004.9,1.6005
529,2015-03-16,3042.72,13340.32,16383.04,1.6383
530,2015-03-17,3042.72,13543.29,16586.01,1.6586
531,2015-03-18,3042.72,13595.65,16638.37,1.6638
532,2015-03-19,3042.72,13588.63,16631.35,1.6631
533,2015-03-20,3042.72,13652.0,16694.72,1.6695
534,2015-03-23,3042.72,13811.62,16854.34,1.6854
535,2015-03-24,3042.72,13723.11,16765.83,1.6766
536,2015-03-25,3042.72,13699.21,16741.93,1.6742
537,2015-03-26,3042.72,13647.03,16689.75,1.669
538,2015-03-27,3042.72,13643.9,16686.62,1.6687
539,2015-03-30,3042.72,13714.82,16757.54,1.6758
540,2015-03-31,0.0,15813.84,15813.84,1.5814
541,2015-04-01,0.0,15922.5,15922.5,1.5922
542,2015-04-02,0.0,16159.98,16159.98,1.616
543,2015-04-03,0.0,16444.03,16444.03,1.6444
544,2015-04-07,0.0,16591.49,16591.49,1.6591
545,2015-04-08,0.0,16414.53,16414.53,1.6415
546,2015-04-09,0.0,16042.94,16042.94,1.6043
547,2015-04-10,0.0,16299.89,16299.89,1.63
548,2015-04-13,0.0,16585.76,16585.76,1.6586
549,2015-04-14,0.0,16465.45,16465.45,1.6465
550,2015-04-15,0.0,16080.76,16080.76,1.6081
551,2015-04-16,0.0,16255.3,16255.3,1.6255
552,2015-04-17,0.0,16588.97,16588.97,1.6589
553,2015-04-20,0.0,16434.93,16434.93,1.6435
554,2015-04-21,0.0,16775.91,16775.91,1.6776
555,2015-04-22,0.0,17372.53,17372.53,1.7373
556,2015-04-23,0.0,17342.06,17342.06,1.7342
557,2015-04-24,0.0,17414.18,17414.18,1.7414
558,2015-04-27,0.0,17526.52,17526.52,1.7527
559,2015-04-28,876.8,17426.45,18303.25,1.8303
560,2015-04-29,0.0,18493.62,18493.62,1.8494
561,2015-04-30,0.0,18606.13,18606.13,1.8606
562,2015-05-04,944.58,17653.23,18597.81,1.8598
563,2015-05-05,1889.49,16101.59,17991.08,1.7991
564,2015-05-06,2835.2,14952.82,17788.02,1.7788
565,2015-05-07,3783.22,13866.06,17649.28,1.7649
566,2015-05-08,3783.22,14170.85,17954.07,1.7954
567,2015-05-11,3783.22,14799.79,18583.01,1.8583
568,2015-05-12,3783.22,15292.16,19075.38,1.9075
569,2015-05-13,3783.22,15501.86,19285.08,1.9285
570,2015-05-14,4640.03,15438.95,20078.98,2.0079
571,2015-05-15,4640.03,14662.49,19302.52,1.9303
572,2015-05-18,4640.03,14792.48,19432.51,1.9433
573,2015-05-19,4640.03,15173.31,19813.34,1.9813
574,2015-05-20,4640.03,15633.12,20273.15,2.0273
575,2015-05-21,4640.03,16369.59,21009.62,2.101
576,2015-05-22,4640.03,16386.51,21026.54,2.1027
577,2015-05-25,4640.03,16668.48,21308.51,2.1309
578,2015-05-26,4640.03,17337.07,21977.1,2.1977
579,2015-05-27,4640.03,17792.57,22432.6,2.2433
580,2015-05-28,0.0,21429.27,21429.27,2.1429
581,2015-05-29,0.0,21680.25,21680.25,2.168
582,2015-06-01,1493.58,21487.8,22981.38,2.2981
583,2015-06-02,1493.58,21438.15,22931.73,2.2932
584,2015-06-03,1493.58,21271.44,22765.02,2.2765
585,2015-06-04,2986.39,19443.68,22430.07,2.243
586,2015-06-05,4478.81,17963.85,22442.66,2.2443
587,2015-06-08,4478.81,17759.13,22237.94,2.2238
588,2015-06-09,4478.81,17631.41,22110.22,2.211
589,2015-06-10,4478.81,17420.72,21899.53,2.19
590,2015-06-11,4478.81,17398.16,21876.97,2.1877
591,2015-06-12,7463.76,14471.05,21934.81,2.1935
592,2015-06-15,9030.13,12747.06,21777.19,2.1777
593,2015-06-16,9030.13,12090.97,21121.1,2.1121
594,2015-06-17,9030.13,12225.89,21256.02,2.1256
595,2015-06-18,9030.13,11658.47,20688.6,2.0689
596,2015-06-19,9030.13,11026.72,20056.85,2.0057
597,2015-06-23,9030.13,11052.93,20083.06,2.0083
598,2015-06-24,9030.13,11358.79,20388.92,2.0389
599,2015-06-25,9030.13,10928.01,19958.14,1.9958
600,2015-06-26,0.0,18950.79,18950.79,1.8951
601,2015-06-29,0.0,18194.58,18194.58,1.8195
602,2015-06-30,2302.26,17332.83,19635.09,1.9635
603,2015-07-01,2302.26,16526.2,18828.46,1.8828
604,2015-07-02,2302.26,15876.57,18178.83,1.8179
605,2015-07-03,2302.26,16090.13,18392.39,1.8392
606,2015-07-06,2302.26,16179.38,18481.64,1.8482
607,2015-07-07,2302.26,15058.61,17360.87,1.7361
608,2015-07-08,2302.26,14475.75,16778.01,1.6778
609,2015-07-09,2302.26,15243.33,17545.59,1.7546
610,2015-07-10,2302.26,15861.96,18164.22,1.8164
611,2015-07-13,2302.26,15490.6,17792.86,1.7793
612,2015-07-14,6421.93,11258.81,17680.74,1.7681
613,2015-07-15,8526.4,8823.0,17349.4,1.7349
614,2015-07-16,8526.4,8822.73,17349.13,1.7349
615,2015-07-17,10826.8,6923.16,17749.96,1.775
616,2015-07-20,10826.8,7189.69,18016.49,1.8016
617,2015-07-21,10826.8,7325.45,18152.25,1.8152
618,2015-07-22,10826.8,7286.07,18112.87,1.8113
619,2015-07-23,10826.8,7645.71,18472.51,1.8473
620,2015-07-24,0.0,18107.0,18107.0,1.8107
621,2015-07-27,0.0,16569.82,16569.82,1.657
622,2015-07-28,0.0,16576.56,16576.56,1.6577
623,2015-07-29,0.0,16987.98,16987.98,1.6988
624,2015-07-30,0.0,16478.43,16478.43,1.6478
625,2015-07-31,0.0,16278.12,16278.12,1.6278
626,2015-08-03,0.0,15954.27,15954.27,1.5954
627,2015-08-04,0.0,16866.47,16866.47,1.6866
628,2015-08-05,0.0,16710.28,16710.28,1.671
629,2015-08-06,0.0,16683.6,16683.6,1.6684
630,2015-08-07,0.0,17220.55,17220.55,1.7221
631,2015-08-10,0.0,18107.05,18107.05,1.8107
632,2015-08-11,0.0,17621.19,17621.19,1.7621
633,2015-08-12,0.0,17396.8,17396.8,1.7397
634,2015-08-13,0.0,17608.03,17608.03,1.7608
635,2015-08-14,0.0,17538.62,17538.62,1.7539
636,2015-08-17,0.0,17351.97,17351.97,1.7352
637,2015-08-18,0.0,16299.76,16299.76,1.63
638,2015-08-19,0.0,16516.64,16516.64,1.6517
639,2015-08-20,0.0,16153.16,16153.16,1.6153
640,2015-08-21,0.0,15764.48,15764.48,1.5764
641,2015-08-24,0.0,14384.28,14384.28,1.4384
642,2015-08-25,0.0,14107.09,14107.09,1.4107
643,2015-08-26,0.0,14342.78,14342.78,1.4343
644,2015-08-27,0.0,14880.2,14880.2,1.488
645,2015-08-28,0.0,15319.23,15319.23,1.5319
646,2015-08-31,0.0,15018.47,15018.47,1.5018
647,2015-09-01,0.0,14769.17,14769.17,1.4769
648,2015-09-02,0.0,14621.69,14621.69,1.4622
649,2015-09-07,0.0,14758.56,14758.56,1.4759
650,2015-09-08,0.0,15218.47,15218.47,1.5218
651,2015-09-09,0.0,15598.61,15598.61,1.5599
652,2015-09-10,0.0,15171.41,15171.41,1.5171
653,2015-09-11,0.0,15233.47,15233.47,1.5233
654,2015-09-14,0.0,14837.84,14837.84,1.4838
655,2015-09-15,0.0,14672.2,14672.2,1.4672
656,2015-09-16,0.0,15124.48,15124.48,1.5124
657,2015-09-17,0.0,14985.26,14985.26,1.4985
658,2015-09-18,0.0,15094.08,15094.08,1.5094
659,2015-09-21,0.0,15544.72,15544.72,1.5545
660,2015-09-22,0.0,15666.41,15666.41,1.5666
661,2015-09-23,0.0,15415.7,15415.7,1.5416
662,2015-09-24,0.0,15447.17,15447.17,1.5447
663,2015-09-25,0.0,15272.91,15272.91,1.5273
664,2015-09-28,0.0,15326.09,15326.09,1.5326
665,2015-09-29,0.0,15203.04,15203.04,1.5203
666,2015-09-30,0.0,15300.44,15300.44,1.53
667,2015-10-08,0.0,15449.06,15449.06,1.5449
668,2015-10-09,0.0,15592.86,15592.86,1.5593
669,2015-10-12,0.0,16068.42,16068.42,1.6068
670,2015-10-13,0.0,16220.99,16220.99,1.6221
671,2015-10-14,0.0,16162.22,16162.22,1.6162
672,2015-10-15,0.0,16405.27,16405.27,1.6405
673,2015-10-16,0.0,16582.51,16582.51,1.6583
674,2015-10-19,0.0,16453.44,16453.44,1.6453
675,2015-10-20,0.0,16623.46,16623.46,1.6623
676,2015-10-21,0.0,16319.71,16319.71,1.632
677,2015-10-22,0.0,16496.15,16496.15,1.6496
678,2015-10-23,0.0,16665.2,16665.2,1.6665
679,2015-10-26,0.0,16562.67,16562.67,1.6563
680,2015-10-27,0.0,16588.64,16588.64,1.6589
681,2015-10-28,0.0,16458.71,16458.71,1.6459
682,2015-10-29,0.0,16444.13,16444.13,1.6444
683,2015-10-30,0.0,16515.09,16515.09,1.6515
684,2015-11-02,0.0,16213.24,16213.24,1.6213
685,2015-11-03,0.0,16267.47,16267.47,1.6267
686,2015-11-04,0.0,16658.76,16658.76,1.6659
687,2015-11-05,0.0,16661.16,16661.16,1.6661
688,2015-11-06,0.0,17007.91,17007.91,1.7008
689,2015-11-09,0.0,16743.07,16743.07,1.6743
690,2015-11-10,0.0,16824.11,16824.11,1.6824
691,2015-11-11,0.0,16846.59,16846.59,1.6847
692,2015-11-12,0.0,16827.24,16827.24,1.6827
693,2015-11-13,0.0,16621.04,16621.04,1.6621
694,2015-11-16,0.0,16647.8,16647.8,1.6648
695,2015-11-17,0.0,16443.6,16443.6,1.6444
696,2015-11-18,0.0,16231.86,16231.86,1.6232
697,2015-11-19,0.0,16593.45,16593.45,1.6593
698,2015-11-20,0.0,16662.71,16662.71,1.6663
699,2015-11-23,0.0,16567.83,16567.83,1.6568
700,2015-11-24,0.0,16492.92,16492.92,1.6493
701,2015-11-25,0.0,16505.53,16505.53,1.6506
702,2015-11-26,0.0,16456.77,16456.77,1.6457
703,2015-11-27,0.0,16309.35,16309.35,1.6309
704,2015-11-30,0.0,16359.5,16359.5,1.636
705,2015-12-01,0.0,16489.18,16489.18,1.6489
706,2015-12-02,0.0,16526.47,16526.47,1.6526
707,2015-12-03,0.0,16572.24,16572.24,1.6572
708,2015-12-04,0.0,16493.71,16493.71,1.6494
709,2015-12-07,0.0,17068.32,17068.32,1.7068
710,2015-12-08,0.0,16841.88,16841.88,1.6842
711,2015-12-09,0.0,16678.53,16678.53,1.6679
712,2015-12-10,0.0,16624.25,16624.25,1.6624
713,2015-12-11,0.0,16515.75,16515.75,1.6516
714,2015-12-14,0.0,16589.01,16589.01,1.6589
715,2015-12-15,0.0,16623.24,16623.24,1.6623
716,2015-12-16,0.0,16653.17,16653.17,1.6653
717,2015-12-17,0.0,16722.07,16722.07,1.6722
718,2015-12-18,0.0,16612.04,16612.04,1.6612
719,2015-12-21,0.0,16711.1,16711.1,1.6711
720,2015-12-22,0.0,16725.52,16725.52,1.6726
721,2015-12-23,0.0,16684.97,16684.97,1.6685
722,2015-12-24,0.0,16671.79,16671.79,1.6672
723,2015-12-25,0.0,16592.94,16592.94,1.6593
724,2015-12-28,0.0,16383.33,16383.33,1.6383
725,2015-12-29,0.0,16312.19,16312.19,1.6312
726,2015-12-30,0.0,16245.93,16245.93,1.6246
727,2015-12-31,0.0,16132.22,16132.22,1.6132
728,2016-01-04,0.0,15741.55,15741.55,1.5742
729,2016-01-05,0.0,15633.46,15633.46,1.5633
730,2016-01-06,0.0,15680.4,15680.4,1.568
731,2016-01-07,0.0,15414.46,15414.46,1.5414
732,2016-01-08,0.0,15379.66,15379.66,1.538
733,2016-01-11,0.0,15190.26,15190.26,1.519
734,2016-01-12,0.0,15370.54,15370.54,1.5371
735,2016-01-13,0.0,15335.93,15335.93,1.5336
736,2016-01-14,0.0,15634.54,15634.54,1.5635
737,2016-01-15,0.0,15479.56,15479.56,1.548
738,2016-01-18,0.0,15305.51,15305.51,1.5306
739,2016-01-19,0.0,14909.55,14909.55,1.491
740,2016-01-20,0.0,14513.06,14513.06,1.4513
741,2016-01-21,0.0,14445.33,14445.33,1.4445
742,2016-01-22,0.0,14548.17,14548.17,1.4548
743,2016-01-25,0.0,14757.09,14757.09,1.4757
744,2016-01-26,0.0,14491.4,14491.4,1.4491
745,2016-01-27,0.0,14503.93,14503.93,1.4504
746,2016-01-28,0.0,14558.59,14558.59,1.4559
747,2016-01-29,0.0,14709.66,14709.66,1.471
748,2016-02-01,0.0,14738.59,14738.59,1.4739
749,2016-02-02,0.0,14849.72,14849.72,1.485
750,2016-02-03,0.0,14879.87,14879.87,1.488
751,2016-02-04,0.0,14911.81,14911.81,1.4912
752,2016-02-05,0.0,14871.11,14871.11,1.4871
753,2016-02-15,0.0,14907.44,14907.44,1.4907
754,2016-02-16,0.0,15196.49,15196.49,1.5196
755,2016-02-17,0.0,15372.6,15372.6,1.5373
756,2016-02-18,0.0,15482.05,15482.05,1.5482
757,2016-02-19,0.0,15327.35,15327.35,1.5327
758,2016-02-22,0.0,15366.43,15366.43,1.5366
759,2016-02-23,0.0,15231.62,15231.62,1.5232
760,2016-02-24,0.0,15138.51,15138.51,1.5139
761,2016-02-25,0.0,14812.33,14812.33,1.4812
762,2016-02-26,0.0,14718.33,14718.33,1.4718
763,2016-02-29,0.0,14519.6,14519.6,1.452
764,2016-03-01,0.0,14658.84,14658.84,1.4659
765,2016-03-02,0.0,14945.95,14945.95,1.4946
766,2016-03-03,0.0,14861.2,14861.2,1.4861
767,2016-03-04,0.0,14773.83,14773.83,1.4774
768,2016-03-07,0.0,14833.07,14833.07,1.4833
769,2016-03-08,0.0,14855.19,14855.19,1.4855
770,2016-03-09,0.0,14807.98,14807.98,1.4808
771,2016-03-10,0.0,14738.12,14738.12,1.4738
772,2016-03-11,0.0,14730.59,14730.59,1.4731
773,2016-03-14,0.0,14833.22,14833.22,1.4833
774,2016-03-15,0.0,14815.37,14815.37,1.4815
775,2016-03-16,0.0,14792.86,14792.86,1.4793
776,2016-03-17,0.0,14934.21,14934.21,1.4934
777,2016-03-18,0.0,15232.71,15232.71,1.5233
778,2016-03-21,0.0,15169.52,15169.52,1.517
779,2016-03-22,0.0,15085.13,15085.13,1.5085
780,2016-03-23,0.0,15082.38,15082.38,1.5082
781,2016-03-24,0.0,15027.37,15027.37,1.5027
782,2016-03-25,0.0,15044.66,15044.66,1.5045
783,2016-03-28,0.0,14897.54,14897.54,1.4898
784,2016-03-29,0.0,14787.88,14787.88,1.4788
785,2016-03-30,0.0,14865.52,14865.52,1.4866
786,2016-03-31,0.0,14835.32,14835.32,1.4835
787,2016-04-01,0.0,14878.68,14878.68,1.4879
788,2016-04-05,0.0,15047.3,15047.3,1.5047
789,2016-04-06,0.0,15058.5,15058.5,1.5058
790,2016-04-07,0.0,14990.92,14990.92,1.4991
791,2016-04-08,0.0,14923.13,14923.13,1.4923
792,2016-04-11,0.0,15041.5,15041.5,1.5042
793,2016-04-12,0.0,15048.39,15048.39,1.5048
794,2016-04-13,0.0,15216.13,15216.13,1.5216
795,2016-04-14,0.0,15193.69,15193.69,1.5194
796,2016-04-15,0.0,15058.1,15058.1,1.5058
797,2016-04-18,0.0,14979.69,14979.69,1.498
798,2016-04-19,0.0,14993.82,14993.82,1.4994
799,2016-04-20,0.0,14811.04,14811.04,1.4811
800,2016-04-21,0.0,14735.76,14735.76,1.4736
801,2016-04-22,0.0,14734.46,14734.46,1.4734
802,2016-04-25,0.0,14641.79,14641.79,1.4642
803,2016-04-26,0.0,14608.17,14608.17,1.4608
804,2016-04-27,0.0,14654.36,14654.36,1.4654
805,2016-04-28,0.0,14594.06,14594.06,1.4594
806,2016-04-29,0.0,14593.4,14593.4,1.4593
807,2016-05-03,0.0,14746.56,14746.56,1.4747
808,2016-05-04,0.0,14752.68,14752.68,1.4753
809,2016-05-05,0.0,14766.45,14766.45,1.4766
810,2016-05-06,0.0,14647.59,14647.59,1.4648
811,2016-05-09,0.0,14490.1,14490.1,1.449
812,2016-05-10,0.0,14513.81,14513.81,1.4514
813,2016-05-11,0.0,14509.71,14509.71,1.451
814,2016-05-12,0.0,14539.55,14539.55,1.454
815,2016-05-13,0.0,14536.5,14536.5,1.4537
816,2016-05-16,0.0,14620.38,14620.38,1.462
817,2016-05-17,0.0,14566.92,14566.92,1.4567
818,2016-05-18,0.0,14468.98,14468.98,1.4469
819,2016-05-19,0.0,14419.21,14419.21,1.4419
820,2016-05-20,0.0,14452.38,14452.38,1.4452
821,2016-05-23,0.0,14467.86,14467.86,1.4468
822,2016-05-24,0.0,14429.75,14429.75,1.443
823,2016-05-25,0.0,14367.08,14367.08,1.4367
824,2016-05-26,0.0,14294.52,14294.52,1.4295
825,2016-05-27,0.0,14292.53,14292.53,1.4293
826,2016-05-30,0.0,14320.34,14320.34,1.432
827,2016-05-31,0.0,14435.13,14435.13,1.4435
828,2016-06-01,0.0,14492.86,14492.86,1.4493
829,2016-06-02,0.0,14485.44,14485.44,1.4485
830,2016-06-03,0.0,14511.34,14511.34,1.4511
831,2016-06-06,0.0,14516.49,14516.49,1.4516
832,2016-06-07,0.0,14355.99,14355.99,1.4356
833,2016-06-08,0.0,14342.26,14342.26,1.4342
834,2016-06-13,0.0,14289.21,14289.21,1.4289
835,2016-06-14,0.0,14306.26,14306.26,1.4306
836,2016-06-15,0.0,14401.14,14401.14,1.4401
837,2016-06-16,0.0,14354.36,14354.36,1.4354
838,2016-06-17,0.0,14325.98,14325.98,1.4326
839,2016-06-20,0.0,14315.07,14315.07,1.4315
840,2016-06-21,0.0,14319.46,14319.46,1.4319
841,2016-06-22,0.0,14335.55,14335.55,1.4336
842,2016-06-23,0.0,14406.65,14406.65,1.4407
843,2016-06-24,0.0,14369.89,14369.89,1.437
844,2016-06-27,0.0,14397.63,14397.63,1.4398
845,2016-06-28,0.0,14438.78,14438.78,1.4439
846,2016-06-29,0.0,14499.4,14499.4,1.4499
847,2016-06-30,0.0,14491.67,14491.67,1.4492
848,2016-07-01,0.0,14461.16,14461.16,1.4461
849,2016-07-04,0.0,14647.92,14647.92,1.4648
850,2016-07-05,0.0,14698.1,14698.1,1.4698
851,2016-07-06,0.0,14732.16,14732.16,1.4732
852,2016-07-07,0.0,14754.24,14754.24,1.4754
853,2016-07-08,0.0,14672.34,14672.34,1.4672
854,2016-07-11,0.0,14634.31,14634.31,1.4634
855,2016-07-12,0.0,14652.3,14652.3,1.4652
856,2016-07-13,0.0,14820.88,14820.88,1.4821
857,2016-07-14,0.0,14833.07,14833.07,1.4833
858,2016-07-15,0.0,14796.96,14796.96,1.4797
859,2016-07-18,0.0,14745.7,14745.7,1.4746
860,2016-07-19,0.0,14724.2,14724.2,1.4724
861,2016-07-20,0.0,14772.7,14772.7,1.4773
862,2016-07-21,0.0,14882.62,14882.62,1.4883
863,2016-07-22,0.0,14845.2,14845.2,1.4845
864,2016-07-25,0.0,14769.56,14769.56,1.477
865,2016-07-26,0.0,14840.58,14840.58,1.4841
866,2016-07-27,0.0,14733.33,14733.33,1.4733
867,2016-07-28,0.0,14716.67,14716.67,1.4717
868,2016-07-29,0.0,14592.93,14592.93,1.4593
869,2016-08-01,0.0,14558.84,14558.84,1.4559
870,2016-08-02,0.0,14587.8,14587.8,1.4588
871,2016-08-03,0.0,14629.54,14629.54,1.463
872,2016-08-04,0.0,14677.43,14677.43,1.4677
873,2016-08-05,0.0,14697.36,14697.36,1.4697
874,2016-08-08,0.0,14717.6,14717.6,1.4718
875,2016-08-09,0.0,14795.07,14795.07,1.4795
876,2016-08-10,0.0,14789.72,14789.72,1.479
877,2016-08-11,0.0,14764.41,14764.41,1.4764
878,2016-08-12,0.0,14811.2,14811.2,1.4811
879,2016-08-15,0.0,15042.68,15042.68,1.5043
880,2016-08-16,0.0,15071.11,15071.11,1.5071
881,2016-08-17,0.0,15052.01,15052.01,1.5052
882,2016-08-18,0.0,15187.06,15187.06,1.5187
883,2016-08-19,0.0,15185.35,15185.35,1.5185
884,2016-08-22,0.0,15120.42,15120.42,1.512
885,2016-08-23,0.0,15057.33,15057.33,1.5057
886,2016-08-24,0.0,15016.27,15016.27,1.5016
887,2016-08-25,0.0,14958.98,14958.98,1.4959
888,2016-08-26,0.0,14937.49,14937.49,1.4937
889,2016-08-29,0.0,14903.19,14903.19,1.4903
890,2016-08-30,0.0,14886.69,14886.69,1.4887
891,2016-08-31,0.0,14884.94,14884.94,1.4885
892,2016-09-01,0.0,14869.56,14869.56,1.487
893,2016-09-02,0.0,14871.32,14871.32,1.4871
894,2016-09-05,0.0,14900.11,14900.11,1.49
895,2016-09-06,0.0,15011.73,15011.73,1.5012
896,2016-09-07,0.0,15099.15,15099.15,1.5099
897,2016-09-08,0.0,15127.76,15127.76,1.5128
898,2016-09-09,0.0,15119.63,15119.63,1.512
899,2016-09-12,0.0,14986.01,14986.01,1.4986
900,2016-09-13,0.0,15009.95,15009.95,1.501
901,2016-09-14,0.0,14991.4,14991.4,1.4991
902,2016-09-19,0.0,15006.12,15006.12,1.5006
903,2016-09-20,0.0,14988.14,14988.14,1.4988
904,2016-09-21,0.0,15000.19,15000.19,1.5
905,2016-09-22,0.0,15025.83,15025.83,1.5026
906,2016-09-23,0.0,15020.54,15020.54,1.5021
907,2016-09-26,0.0,14938.63,14938.63,1.4939
908,2016-09-27,0.0,14925.5,14925.5,1.4926
909,2016-09-28,0.0,14917.79,14917.79,1.4918
910,2016-09-29,0.0,14952.91,14952.91,1.4953
911,2016-09-30,0.0,14984.45,14984.45,1.4984
912,2016-10-10,0.0,15001.22,15001.22,1.5001
913,2016-10-11,0.0,15019.89,15019.89,1.502
914,2016-10-12,0.0,15022.95,15022.95,1.5023
915,2016-10-13,0.0,15028.01,15028.01,1.5028
916,2016-10-14,0.0,15027.66,15027.66,1.5028
917,2016-10-17,0.0,15020.1,15020.1,1.502
918,2016-10-18,0.0,15094.88,15094.88,1.5095
919,2016-10-19,0.0,15120.28,15120.28,1.512
920,2016-10-20,0.0,15152.19,15152.19,1.5152
921,2016-10-21,0.0,15140.51,15140.51,1.5141
922,2016-10-24,0.0,15179.34,15179.34,1.5179
923,2016-10-25,0.0,15187.46,15187.46,1.5187
924,2016-10-26,0.0,15163.04,15163.04,1.5163
925,2016-10-27,0.0,15118.67,15118.67,1.5119
926,2016-10-28,0.0,15158.03,15158.03,1.5158
927,2016-10-31,0.0,15134.92,15134.92,1.5135
928,2016-11-01,0.0,15145.35,15145.35,1.5145
929,2016-11-02,0.0,15140.06,15140.06,1.514
930,2016-11-03,0.0,15170.39,15170.39,1.517
931,2016-11-04,0.0,15195.14,15195.14,1.5195
932,2016-11-07,0.0,15207.27,15207.27,1.5207
933,2016-11-08,0.0,15222.67,15222.67,1.5223
934,2016-11-09,0.0,15203.05,15203.05,1.5203
935,2016-11-10,0.0,15248.1,15248.1,1.5248
936,2016-11-11,0.0,15281.43,15281.43,1.5281
937,2016-11-14,0.0,15322.23,15322.23,1.5322
938,2016-11-15,0.0,15295.97,15295.97,1.5296
939,2016-11-16,0.0,15297.43,15297.43,1.5297
940,2016-11-17,0.0,15299.57,15299.57,1.53
941,2016-11-18,0.0,15286.21,15286.21,1.5286
942,2016-11-21,0.0,15282.52,15282.52,1.5283
943,2016-11-22,0.0,15313.94,15313.94,1.5314
944,2016-11-23,0.0,15298.35,15298.35,1.5298
945,2016-11-24,0.0,15300.73,15300.73,1.5301
946,2016-11-25,0.0,15313.78,15313.78,1.5314
947,2016-11-28,0.0,15324.48,15324.48,1.5324
948,2016-11-29,0.0,15265.16,15265.16,1.5265
949,2016-11-30,0.0,15184.75,15184.75,1.5185
950,2016-12-01,0.0,15126.99,15126.99,1.5127
951,2016-12-02,0.0,15041.88,15041.88,1.5042
952,2016-12-05,0.0,14830.85,14830.85,1.4831
953,2016-12-06,0.0,14718.3,14718.3,1.4718
954,2016-12-07,0.0,14794.05,14794.05,1.4794
955,2016-12-08,0.0,14822.18,14822.18,1.4822
956,2016-12-09,0.0,14795.67,14795.67,1.4796
957,2016-12-12,0.0,14472.79,14472.79,1.4473
958,2016-12-13,0.0,14323.19,14323.19,1.4323
959,2016-12-14,0.0,14253.32,14253.32,1.4253
960,2016-12-15,0.0,14105.7,14105.7,1.4106
961,2016-12-16,0.0,14215.62,14215.62,1.4216
962,2016-12-19,0.0,14016.62,14016.62,1.4017
963,2016-12-20,0.0,13866.31,13866.31,1.3866
964,2016-12-21,0.0,14077.98,14077.98,1.4078
965,2016-12-22,0.0,14200.92,14200.92,1.4201
966,2016-12-23,0.0,14215.09,14215.09,1.4215
967,2016-12-26,0.0,14190.15,14190.15,1.419
968,2016-12-27,0.0,14199.51,14199.51,1.42
969,2016-12-28,0.0,14134.72,14134.72,1.4135
970,2016-12-29,0.0,14161.22,14161.22,1.4161
971,2016-12-30,0.0,14206.03,14206.03,1.4206
972,2017-01-03,0.0,14237.24,14237.24,1.4237
973,2017-01-04,0.0,14359.17,14359.17,1.4359
974,2017-01-05,0.0,14351.14,14351.14,1.4351
975,2017-01-06,0.0,14329.05,14329.05,1.4329
976,2017-01-09,0.0,14393.13,14393.13,1.4393
977,2017-01-10,0.0,14354.8,14354.8,1.4355
978,2017-01-11,0.0,14303.0,14303.0,1.4303
979,2017-01-12,0.0,14281.1,14281.1,1.4281
980,2017-01-13,0.0,14218.68,14218.68,1.4219
981,2017-01-16,0.0,14073.43,14073.43,1.4073
982,2017-01-17,0.0,14097.48,14097.48,1.4097
983,2017-01-18,0.0,14048.43,14048.43,1.4048
984,2017-01-19,0.0,14021.74,14021.74,1.4022
985,2017-01-20,0.0,14098.34,14098.34,1.4098
986,2017-01-23,0.0,14108.08,14108.08,1.4108
987,2017-01-24,0.0,14075.0,14075.0,1.4075
988,2017-01-25,0.0,14093.34,14093.34,1.4093
989,2017-01-26,0.0,14124.52,14124.52,1.4125
990,2017-02-03,0.0,14046.67,14046.67,1.4047
991,2017-02-06,0.0,14051.42,14051.42,1.4051
992,2017-02-07,0.0,14044.12,14044.12,1.4044
993,2017-02-08,0.0,14056.59,14056.59,1.4057
994,2017-02-09,0.0,14094.74,14094.74,1.4095
995,2017-02-10,0.0,14149.92,14149.92,1.415
996,2017-02-13,0.0,14170.63,14170.63,1.4171
997,2017-02-14,0.0,14172.37,14172.37,1.4172
998,2017-02-15,0.0,14147.69,14147.69,1.4148
999,2017-02-16,0.0,14128.62,14128.62,1.4129
1000,2017-02-17,0.0,14079.55,14079.55,1.408
1001,2017-02-20,0.0,14134.21,14134.21,1.4134
1002,2017-02-21,0.0,14176.97,14176.97,1.4177
1003,2017-02-22,0.0,14204.0,14204.0,1.4204
1004,2017-02-23,0.0,14200.29,14200.29,1.42
1005,2017-02-24,0.0,14213.21,14213.21,1.4213
1006,2017-02-27,0.0,14156.94,14156.94,1.4157
1007,2017-02-28,0.0,14163.54,14163.54,1.4164
1008,2017-03-01,0.0,14148.77,14148.77,1.4149
1009,2017-03-02,0.0,14127.38,14127.38,1.4127
1010,2017-03-03,0.0,14147.01,14147.01,1.4147
1011,2017-03-06,0.0,14159.42,14159.42,1.4159
1012,2017-03-07,0.0,14191.97,14191.97,1.4192
1013,2017-03-08,0.0,14158.76,14158.76,1.4159
1014,2017-03-09,0.0,14125.93,14125.93,1.4126
1015,2017-03-10,0.0,14084.1,14084.1,1.4084
1016,2017-03-13,0.0,14104.2,14104.2,1.4104
1017,2017-03-14,0.0,14088.83,14088.83,1.4089
1018,2017-03-15,0.0,14078.47,14078.47,1.4078
1019,2017-03-16,0.0,14069.88,14069.88,1.407
1020,2017-03-17,0.0,14011.34,14011.34,1.4011
1021,2017-03-20,0.0,13977.08,13977.08,1.3977
1022,2017-03-21,0.0,13982.28,13982.28,1.3982
1023,2017-03-22,0.0,13950.92,13950.92,1.3951
1024,2017-03-23,0.0,13954.36,13954.36,1.3954
1025,2017-03-24,0.0,14035.16,14035.16,1.4035
1026,2017-03-27,0.0,14019.7,14019.7,1.402
1027,2017-03-28,0.0,14012.31,14012.31,1.4012
1028,2017-03-29,0.0,14002.34,14002.34,1.4002
1029,2017-03-30,0.0,13949.29,13949.29,1.3949
1030,2017-03-31,0.0,13899.99,13899.99,1.39
1031,2017-04-05,0.0,13964.21,13964.21,1.3964
1032,2017-04-06,0.0,13969.84,13969.84,1.397
1033,2017-04-07,0.0,13978.42,13978.42,1.3978
1034,2017-04-10,0.0,13965.44,13965.44,1.3965
1035,2017-04-11,0.0,14009.67,14009.67,1.401
1036,2017-04-12,0.0,14018.01,14018.01,1.4018
1037,2017-04-13,0.0,14007.49,14007.49,1.4007
1038,2017-04-14,0.0,13921.42,13921.42,1.3921
1039,2017-04-17,0.0,13791.68,13791.68,1.3792
1040,2017-04-18,0.0,13772.05,13772.05,1.3772
1041,2017-04-19,0.0,13731.7,13731.7,1.3732
1042,2017-04-20,0.0,13760.93,13760.93,1.3761
1043,2017-04-21,0.0,13750.1,13750.1,1.375
1044,2017-04-24,0.0,13643.32,13643.32,1.3643
1045,2017-04-25,0.0,13668.72,13668.72,1.3669
1046,2017-04-26,0.0,13702.26,13702.26,1.3702
1047,2017-04-27,0.0,13707.15,13707.15,1.3707
1048,2017-04-28,0.0,13772.59,13772.59,1.3773
1049,2017-05-02,0.0,13758.6,13758.6,1.3759
1050,2017-05-03,0.0,13756.59,13756.59,1.3757
1051,2017-05-04,0.0,13785.75,13785.75,1.3786
1052,2017-05-05,0.0,13731.19,13731.19,1.3731
1053,2017-05-08,0.0,13590.4,13590.4,1.359
1054,2017-05-09,0.0,13548.88,13548.88,1.3549
1055,2017-05-10,0.0,13478.77,13478.77,1.3479
1056,2017-05-11,0.0,13422.23,13422.23,1.3422
1057,2017-05-12,0.0,13458.86,13458.86,1.3459
1058,2017-05-15,0.0,13483.19,13483.19,1.3483
1059,2017-05-16,0.0,13557.3,13557.3,1.3557
1060,2017-05-17,0.0,13588.34,13588.34,1.3588
1061,2017-05-18,0.0,13578.86,13578.86,1.3579
1062,2017-05-19,0.0,13584.43,13584.43,1.3584
1063,2017-05-22,0.0,13511.13,13511.13,1.3511
1064,2017-05-23,0.0,13438.86,13438.86,1.3439
1065,2017-05-24,0.0,13424.3,13424.3,1.3424
1066,2017-05-25,0.0,13491.87,13491.87,1.3492
1067,2017-05-26,0.0,13484.65,13484.65,1.3485
1068,2017-05-31,0.0,13479.37,13479.37,1.3479
1069,2017-06-01,0.0,13481.11,13481.11,1.3481
1070,2017-06-02,0.0,13471.34,13471.34,1.3471
1071,2017-06-05,0.0,13494.49,13494.49,1.3494
1072,2017-06-06,0.0,13582.05,13582.05,1.3582
1073,2017-06-07,0.0,13732.99,13732.99,1.3733
1074,2017-06-08,0.0,13746.86,13746.86,1.3747
1075,2017-06-09,0.0,13826.41,13826.41,1.3826
1076,2017-06-12,704.41,13132.16,13836.57,1.3837
1077,2017-06-13,704.41,13208.8,13913.21,1.3913
1078,2017-06-14,704.41,13197.42,13901.83,1.3902
1079,2017-06-15,704.41,13271.5,13975.91,1.3976
1080,2017-06-16,0.0,13981.38,13981.38,1.3981
1081,2017-06-19,0.0,14127.55,14127.55,1.4128
1082,2017-06-20,0.0,14324.94,14324.94,1.4325
1083,2017-06-21,0.0,14293.34,14293.34,1.4293
1084,2017-06-22,0.0,14309.48,14309.48,1.4309
1085,2017-06-23,0.0,14256.34,14256.34,1.4256
1086,2017-06-26,0.0,14448.59,14448.59,1.4449
1087,2017-06-27,0.0,14447.52,14447.52,1.4448
1088,2017-06-28,0.0,14354.16,14354.16,1.4354
1089,2017-06-29,0.0,14261.84,14261.84,1.4262
1090,2017-06-30,0.0,14194.6,14194.6,1.4195
1091,2017-07-03,0.0,14272.0,14272.0,1.4272
1092,2017-07-04,0.0,14273.17,14273.17,1.4273
1093,2017-07-05,0.0,14388.91,14388.91,1.4389
1094,2017-07-06,0.0,14395.68,14395.68,1.4396
1095,2017-07-07,0.0,14422.2,14422.2,1.4422
1096,2017-07-10,0.0,14390.69,14390.69,1.4391
1097,2017-07-11,0.0,14343.0,14343.0,1.4343
1098,2017-07-12,0.0,14280.6,14280.6,1.4281
1099,2017-07-13,0.0,14360.38,14360.38,1.436
1100,2017-07-14,0.0,13711.42,13711.42,1.3711
1101,2017-07-17,0.0,13587.24,13587.24,1.3587
1102,2017-07-18,0.0,13513.99,13513.99,1.3514
1103,2017-07-19,0.0,13622.06,13622.06,1.3622
1104,2017-07-20,0.0,13685.82,13685.82,1.3686
1105,2017-07-21,0.0,13782.6,13782.6,1.3783
1106,2017-07-24,0.0,13828.16,13828.16,1.3828
1107,2017-07-25,0.0,13720.52,13720.52,1.3721
1108,2017-07-26,0.0,13768.85,13768.85,1.3769
1109,2017-07-27,0.0,13827.71,13827.71,1.3828
1110,2017-07-28,0.0,13896.89,13896.89,1.3897
1111,2017-07-31,0.0,14006.02,14006.02,1.4006
1112,2017-08-01,0.0,13990.44,13990.44,1.399
1113,2017-08-02,0.0,14033.1,14033.1,1.4033
1114,2017-08-03,0.0,14049.83,14049.83,1.405
1115,2017-08-04,0.0,14050.9,14050.9,1.4051
1116,2017-08-07,0.0,14014.62,14014.62,1.4015
1117,2017-08-08,0.0,13985.33,13985.33,1.3985
1118,2017-08-09,0.0,13896.09,13896.09,1.3896
1119,2017-08-10,0.0,13851.02,13851.02,1.3851
1120,2017-08-11,0.0,13750.17,13750.17,1.375
1121,2017-08-14,0.0,13855.13,13855.13,1.3855
1122,2017-08-15,0.0,13866.14,13866.14,1.3866
1123,2017-08-16,694.99,13862.12,14557.11,1.4557
1124,2017-08-17,694.99,13953.7,14648.69,1.4649
1125,2017-08-18,694.99,13958.96,14653.95,1.4654
1126,2017-08-21,694.99,13979.09,14674.08,1.4674
1127,2017-08-22,694.99,13970.55,14665.54,1.4666
1128,2017-08-23,694.99,13931.62,14626.61,1.4627
1129,2017-08-24,694.99,13877.3,14572.29,1.4572
1130,2017-08-25,694.99,13959.4,14654.39,1.4654
1131,2017-08-28,694.99,14065.0,14759.99,1.476
1132,2017-08-29,694.99,14113.46,14808.45,1.4808
1133,2017-08-30,694.99,14097.86,14792.85,1.4793
1134,2017-08-31,694.99,14099.77,14794.76,1.4795
1135,2017-09-01,694.99,14103.22,14798.21,1.4798
1136,2017-09-04,694.99,14123.76,14818.75,1.4819
1137,2017-09-05,694.99,14138.21,14833.2,1.4833
1138,2017-09-06,694.99,14157.25,14852.24,1.4852
1139,2017-09-07,694.99,14164.56,14859.55,1.486
1140,2017-09-08,0.0,14143.53,14143.53,1.4144
1141,2017-09-11,0.0,14097.5,14097.5,1.4098
1142,2017-09-12,0.0,14033.66,14033.66,1.4034
1143,2017-09-13,0.0,14003.81,14003.81,1.4004
1144,2017-09-14,0.0,13948.94,13948.94,1.3949
1145,2017-09-15,0.0,13929.76,13929.76,1.393
1146,2017-09-18,0.0,13914.5,13914.5,1.3914
1147,2017-09-19,0.0,13871.76,13871.76,1.3872
1148,2017-09-20,0.0,13883.05,13883.05,1.3883
1149,2017-09-21,0.0,13849.29,13849.29,1.3849
1150,2017-09-22,0.0,13759.12,13759.12,1.3759
1151,2017-09-25,0.0,13650.6,13650.6,1.3651
1152,2017-09-26,0.0,13594.45,13594.45,1.3594
1153,2017-09-27,0.0,13606.7,13606.7,1.3607
1154,2017-09-28,0.0,13601.56,13601.56,1.3602
1155,2017-09-29,0.0,13676.1,13676.1,1.3676
1156,2017-10-09,0.0,13697.75,13697.75,1.3698
1157,2017-10-10,0.0,13746.73,13746.73,1.3747
1158,2017-10-11,0.0,13809.63,13809.63,1.381
1159,2017-10-12,0.0,13811.36,13811.36,1.3811
1160,2017-10-13,0.0,13788.59,13788.59,1.3789
1161,2017-10-16,0.0,13768.71,13768.71,1.3769
1162,2017-10-17,0.0,13782.86,13782.86,1.3783
1163,2017-10-18,0.0,13756.8,13756.8,1.3757
1164,2017-10-19,0.0,13669.41,13669.41,1.3669
1165,2017-10-20,0.0,13683.46,13683.46,1.3683
1166,2017-10-23,0.0,13676.95,13676.95,1.3677
1167,2017-10-24,0.0,13672.34,13672.34,1.3672
1168,2017-10-25,0.0,13694.07,13694.07,1.3694
1169,2017-10-26,0.0,13657.7,13657.7,1.3658
1170,2017-10-27,0.0,13661.38,13661.38,1.3661
1171,2017-10-30,0.0,13527.12,13527.12,1.3527
1172,2017-10-31,0.0,13489.27,13489.27,1.3489
1173,2017-11-01,0.0,13508.36,13508.36,1.3508
1174,2017-11-02,0.0,13459.78,13459.78,1.346
1175,2017-11-03,0.0,13428.15,13428.15,1.3428
1176,2017-11-06,0.0,13427.09,13427.09,1.3427
1177,2017-11-07,0.0,13431.74,13431.74,1.3432
1178,2017-11-08,0.0,13470.36,13470.36,1.347
1179,2017-11-09,0.0,13486.1,13486.1,1.3486
1180,2017-11-10,0.0,13541.61,13541.61,1.3542
1181,2017-11-13,0.0,13561.33,13561.33,1.3561
1182,2017-11-14,685.21,13479.42,14164.63,1.4165
1183,2017-11-15,685.21,13399.59,14084.8,1.4085
1184,2017-11-16,685.21,13378.5,14063.71,1.4064
1185,2017-11-17,685.21,13301.83,13987.04,1.3987
1186,2017-11-20,685.21,13182.24,13867.45,1.3867
1187,2017-11-21,685.21,13148.27,13833.48,1.3833
1188,2017-11-22,685.21,13121.47,13806.68,1.3807
1189,2017-11-23,685.21,13007.57,13692.78,1.3693
1190,2017-11-24,685.21,12952.83,13638.04,1.3638
1191,2017-11-27,685.21,12922.69,13607.9,1.3608
1192,2017-11-28,685.21,12886.17,13571.38,1.3571
1193,2017-11-29,685.21,12877.88,13563.09,1.3563
1194,2017-11-30,685.21,12828.38,13513.59,1.3514
1195,2017-12-01,685.21,12736.69,13421.9,1.3422
1196,2017-12-04,685.21,12638.53,13323.74,1.3324
1197,2017-12-05,685.21,12570.12,13255.33,1.3255
1198,2017-12-06,685.21,12574.58,13259.79,1.326
1199,2017-12-07,685.21,12642.63,13327.84,1.3328
1200,2017-12-08,0.0,12817.0,12817.0,1.2817
1201,2017-12-11,0.0,12955.74,12955.74,1.2956
1202,2017-12-12,0.0,12858.22,12858.22,1.2858
1203,2017-12-13,0.0,12890.19,12890.19,1.289
1204,2017-12-14,0.0,12866.76,12866.76,1.2867
1205,2017-12-15,0.0,12855.91,12855.91,1.2856
1206,2017-12-18,0.0,12820.52,12820.52,1.2821
1207,2017-12-19,0.0,12865.59,12865.59,1.2866
1208,2017-12-20,0.0,12774.3,12774.3,1.2774
1209,2017-12-21,0.0,12858.44,12858.44,1.2858
1210,2017-12-22,0.0,12944.17,12944.17,1.2944
1211,2017-12-25,0.0,12892.81,12892.81,1.2893
1212,2017-12-26,0.0,12890.18,12890.18,1.289
1213,2017-12-27,0.0,12736.79,12736.79,1.2737
1214,2017-12-28,0.0,12755.77,12755.77,1.2756
1215,2017-12-29,0.0,12817.3,12817.3,1.2817
1216,2018-01-02,0.0,12954.7,12954.7,1.2955
1217,2018-01-03,0.0,13129.42,13129.42,1.3129
1218,2018-01-04,0.0,13220.19,13220.19,1.322
1219,2018-01-05,0.0,13313.86,13313.86,1.3314
1220,2018-01-08,0.0,13295.99,13295.99,1.3296
1221,2018-01-09,0.0,13206.94,13206.94,1.3207
1222,2018-01-10,0.0,13143.7,13143.7,1.3144
1223,2018-01-11,0.0,13182.07,13182.07,1.3182
1224,2018-01-12,0.0,13158.07,13158.07,1.3158
1225,2018-01-15,0.0,12979.52,12979.52,1.298
1226,2018-01-16,0.0,12994.07,12994.07,1.2994
1227,2018-01-17,0.0,13016.3,13016.3,1.3016
1228,2018-01-18,0.0,13076.65,13076.65,1.3077
1229,2018-01-19,0.0,13139.67,13139.67,1.314
1230,2018-01-22,0.0,13291.68,13291.68,1.3292
1231,2018-01-23,0.0,13378.03,13378.03,1.3378
1232,2018-01-24,0.0,13517.4,13517.4,1.3517
1233,2018-01-25,0.0,13616.5,13616.5,1.3616
1234,2018-01-26,0.0,13565.64,13565.64,1.3566
1235,2018-01-29,0.0,13352.87,13352.87,1.3353
1236,2018-01-30,0.0,13288.66,13288.66,1.3289
1237,2018-01-31,0.0,13226.94,13226.94,1.3227
1238,2018-02-01,0.0,13032.17,13032.17,1.3032
1239,2018-02-02,0.0,13120.78,13120.78,1.3121
1240,2018-02-05,0.0,13185.75,13185.75,1.3186
1241,2018-02-06,0.0,13030.8,13030.8,1.3031
1242,2018-02-07,0.0,13023.76,13023.76,1.3024
1243,2018-02-08,0.0,13080.79,13080.79,1.3081
1244,2018-02-09,0.0,12889.79,12889.79,1.289
1245,2018-02-12,0.0,13093.93,13093.93,1.3094
1246,2018-02-13,0.0,13154.83,13154.83,1.3155
1247,2018-02-14,0.0,13175.46,13175.46,1.3175
1248,2018-02-22,0.0,13267.43,13267.43,1.3267
1249,2018-02-23,0.0,13261.08,13261.08,1.3261
1250,2018-02-26,0.0,13380.54,13380.54,1.3381
1251,2018-02-27,0.0,13365.79,13365.79,1.3366
1252,2018-02-28,0.0,13351.24,13351.24,1.3351
1253,2018-03-01,0.0,13418.73,13418.73,1.3419
1254,2018-03-02,0.0,13377.59,13377.59,1.3378
1255,2018-03-05,0.0,13381.91,13381.91,1.3382
1256,2018-03-06,0.0,13362.94,13362.94,1.3363
1257,2018-03-07,0.0,13376.93,13376.93,1.3377
1258,2018-03-08,0.0,13387.07,13387.07,1.3387
1259,2018-03-09,0.0,13446.03,13446.03,1.3446
1260,2018-03-12,0.0,13548.94,13548.94,1.3549
1261,2018-03-13,0.0,13601.95,13601.95,1.3602
1262,2018-03-14,0.0,13539.31,13539.31,1.3539
1263,2018-03-15,0.0,13503.5,13503.5,1.3504
1264,2018-03-16,0.0,13534.0,13534.0,1.3534
1265,2018-03-19,0.0,13549.52,13549.52,1.355
1266,2018-03-20,0.0,13518.28,13518.28,1.3518
1267,2018-03-21,0.0,13524.3,13524.3,1.3524
1268,2018-03-22,0.0,13530.87,13530.87,1.3531
1269,2018-03-23,0.0,13325.04,13325.04,1.3325
1270,2018-03-26,0.0,13433.91,13433.91,1.3434
1271,2018-03-27,0.0,13560.38,13560.38,1.356
1272,2018-03-28,0.0,13513.6,13513.6,1.3514
1273,2018-03-29,0.0,13531.25,13531.25,1.3531
1274,2018-03-30,0.0,13672.12,13672.12,1.3672
1275,2018-04-02,0.0,13785.98,13785.98,1.3786
1276,2018-04-03,0.0,13760.96,13760.96,1.3761
1277,2018-04-04,0.0,13737.38,13737.38,1.3737
1278,2018-04-09,0.0,13752.98,13752.98,1.3753
1279,2018-04-10,0.0,13654.01,13654.01,1.3654
1280,2018-04-11,0.0,13648.49,13648.49,1.3648
1281,2018-04-12,0.0,13619.0,13619.0,1.3619
1282,2018-04-13,0.0,13615.86,13615.86,1.3616
1283,2018-04-16,0.0,13584.74,13584.74,1.3585
1284,2018-04-17,0.0,13547.43,13547.43,1.3547
1285,2018-04-18,0.0,13611.62,13611.62,1.3612
1286,2018-04-19,0.0,13629.69,13629.69,1.363
1287,2018-04-20,0.0,13588.37,13588.37,1.3588
1288,2018-04-23,0.0,13414.79,13414.79,1.3415
1289,2018-04-24,0.0,13558.87,13558.87,1.3559
1290,2018-04-25,0.0,13546.79,13546.79,1.3547
1291,2018-04-26,0.0,13527.92,13527.92,1.3528
1292,2018-04-27,0.0,13523.94,13523.94,1.3524
1293,2018-05-02,0.0,13500.11,13500.11,1.35
1294,2018-05-03,0.0,13624.79,13624.79,1.3625
1295,2018-05-04,0.0,13663.2,13663.2,1.3663
1296,2018-05-07,0.0,13795.21,13795.21,1.3795
1297,2018-05-08,0.0,13908.27,13908.27,1.3908
1298,2018-05-09,0.0,13909.95,13909.95,1.391
1299,2018-05-10,0.0,13943.68,13943.68,1.3944
1300,2018-05-11,0.0,13825.36,13825.36,1.3825
1301,2018-05-14,0.0,13764.61,13764.61,1.3765
1302,2018-05-15,0.0,13781.89,13781.89,1.3782
1303,2018-05-16,0.0,13778.75,13778.75,1.3779
1304,2018-05-17,0.0,13782.81,13782.81,1.3783
1305,2018-05-18,0.0,13807.39,13807.39,1.3807
1306,2018-05-21,0.0,13848.65,13848.65,1.3849
1307,2018-05-22,0.0,13851.66,13851.66,1.3852
1308,2018-05-23,0.0,13810.88,13810.88,1.3811
1309,2018-05-24,0.0,13785.16,13785.16,1.3785
1310,2018-05-25,0.0,13717.81,13717.81,1.3718
1311,2018-05-28,0.0,13615.57,13615.57,1.3616
1312,2018-05-29,0.0,13518.39,13518.39,1.3518
1313,2018-05-30,0.0,13329.22,13329.22,1.3329
1314,2018-05-31,0.0,13385.25,13385.25,1.3385
1315,2018-06-01,0.0,13376.67,13376.67,1.3377
1316,2018-06-04,0.0,13278.64,13278.64,1.3279
1317,2018-06-05,0.0,13380.77,13380.77,1.3381
1318,2018-06-06,0.0,13418.05,13418.05,1.3418
1319,2018-06-07,0.0,13468.22,13468.22,1.3468
1320,2018-06-08,0.0,13373.97,13373.97,1.3374
1321,2018-06-11,0.0,13350.37,13350.37,1.335
1322,2018-06-12,0.0,13392.67,13392.67,1.3393
1323,2018-06-13,0.0,13342.38,13342.38,1.3342
1324,2018-06-14,0.0,13294.55,13294.55,1.3295
1325,2018-06-15,0.0,13180.23,13180.23,1.318
1326,2018-06-19,0.0,12720.76,12720.76,1.2721
1327,2018-06-20,0.0,12740.67,12740.67,1.2741
1328,2018-06-21,0.0,12626.02,12626.02,1.2626
1329,2018-06-22,0.0,12649.78,12649.78,1.265
1330,2018-06-25,0.0,12701.23,12701.23,1.2701
1331,2018-06-26,0.0,12722.73,12722.73,1.2723
1332,2018-06-27,0.0,12702.91,12702.91,1.2703
1333,2018-06-28,0.0,12680.25,12680.25,1.268
1334,2018-06-29,0.0,12845.93,12845.93,1.2846
1335,2018-07-02,0.0,12794.2,12794.2,1.2794
1336,2018-07-03,0.0,12879.87,12879.87,1.288
1337,2018-07-04,0.0,12860.92,12860.92,1.2861
1338,2018-07-05,0.0,12794.69,12794.69,1.2795
1339,2018-07-06,0.0,12799.29,12799.29,1.2799
1340,2018-07-09,0.0,12917.84,12917.84,1.2918
1341,2018-07-10,0.0,12928.9,12928.9,1.2929
1342,2018-07-11,0.0,12836.1,12836.1,1.2836
1343,2018-07-12,0.0,13013.61,13013.61,1.3014
1344,2018-07-13,0.0,13018.11,13018.11,1.3018
1345,2018-07-16,0.0,13004.56,13004.56,1.3005
1346,2018-07-17,0.0,13110.36,13110.36,1.311
1347,2018-07-18,0.0,13155.63,13155.63,1.3156
1348,2018-07-19,0.0,13213.97,13213.97,1.3214
1349,2018-07-20,0.0,13284.21,13284.21,1.3284
1350,2018-07-23,0.0,13328.36,13328.36,1.3328
1351,2018-07-24,0.0,13354.05,13354.05,1.3354
1352,2018-07-25,0.0,13360.46,13360.46,1.336
1353,2018-07-26,0.0,13283.56,13283.56,1.3284
1354,2018-07-27,0.0,13224.62,13224.62,1.3225
1355,2018-07-30,0.0,13157.89,13157.89,1.3158
1356,2018-07-31,0.0,13183.31,13183.31,1.3183
1357,2018-08-01,0.0,13132.77,13132.77,1.3133
1358,2018-08-02,0.0,13014.02,13014.02,1.3014
1359,2018-08-03,0.0,12981.65,12981.65,1.2982
1360,2018-08-06,0.0,12964.33,12964.33,1.2964
1361,2018-08-07,0.0,13081.44,13081.44,1.3081
1362,2018-08-08,0.0,12995.33,12995.33,1.2995
1363,2018-08-09,0.0,13117.54,13117.54,1.3118
1364,2018-08-10,0.0,13193.54,13193.54,1.3194
1365,2018-08-13,0.0,13216.78,13216.78,1.3217
1366,2018-08-14,0.0,13171.26,13171.26,1.3171
1367,2018-08-15,0.0,13116.15,13116.15,1.3116
1368,2018-08-16,0.0,13078.36,13078.36,1.3078
1369,2018-08-17,0.0,12995.75,12995.75,1.2996
1370,2018-08-20,0.0,12921.65,12921.65,1.2922
1371,2018-08-21,0.0,12987.05,12987.05,1.2987
1372,2018-08-22,0.0,12960.7,12960.7,1.2961
1373,2018-08-23,0.0,12990.02,12990.02,1.299
1374,2018-08-24,0.0,13029.37,13029.37,1.3029
1375,2018-08-27,0.0,13130.67,13130.67,1.3131
1376,2018-08-28,0.0,13179.95,13179.95,1.318
1377,2018-08-29,0.0,13130.1,13130.1,1.313
1378,2018-08-30,0.0,13063.19,13063.19,1.3063
1379,2018-08-31,0.0,13035.84,13035.84,1.3036
1380,2018-09-03,0.0,13024.69,13024.69,1.3025
1381,2018-09-04,0.0,13070.18,13070.18,1.307
1382,2018-09-05,0.0,13015.84,13015.84,1.3016
1383,2018-09-06,0.0,13009.18,13009.18,1.3009
1384,2018-09-07,0.0,13014.36,13014.36,1.3014
1385,2018-09-10,0.0,12948.83,12948.83,1.2949
1386,2018-09-11,0.0,12933.46,12933.46,1.2933
1387,2018-09-12,0.0,12949.87,12949.87,1.295
1388,2018-09-13,0.0,12967.03,12967.03,1.2967
1389,2018-09-14,0.0,12958.04,12958.04,1.2958
1390,2018-09-17,0.0,12884.51,12884.51,1.2885
1391,2018-09-18,0.0,12920.26,12920.26,1.292
1392,2018-09-19,0.0,12981.62,12981.62,1.2982
1393,2018-09-20,0.0,12987.35,12987.35,1.2987
1394,2018-09-21,0.0,13066.0,13066.0,1.3066
1395,2018-09-25,0.0,13069.91,13069.91,1.307
1396,2018-09-26,0.0,13093.27,13093.27,1.3093
1397,2018-09-27,0.0,13001.65,13001.65,1.3002
1398,2018-09-28,0.0,13040.37,13040.37,1.304
1399,2018-10-08,0.0,12888.19,12888.19,1.2888
1400,2018-10-09,0.0,12867.02,12867.02,1.2867
1401,2018-10-10,0.0,12866.79,12866.79,1.2867
1402,2018-10-11,0.0,12534.17,12534.17,1.2534
1403,2018-10-12,0.0,12581.34,12581.34,1.2581
1404,2018-10-15,0.0,12543.34,12543.34,1.2543
1405,2018-10-16,0.0,12472.43,12472.43,1.2472
1406,2018-10-17,0.0,12443.77,12443.77,1.2444
1407,2018-10-18,0.0,12322.72,12322.72,1.2323
1408,2018-10-19,0.0,12402.61,12402.61,1.2403
1409,2018-10-22,0.0,12596.34,12596.34,1.2596
1410,2018-10-23,0.0,12568.21,12568.21,1.2568
1411,2018-10-24,0.0,12612.78,12612.78,1.2613
1412,2018-10-25,0.0,12619.14,12619.14,1.2619
1413,2018-10-26,0.0,12666.31,12666.31,1.2666
1414,2018-10-29,0.0,12619.12,12619.12,1.2619
1415,2018-10-30,0.0,12656.04,12656.04,1.2656
1416,2018-10-31,0.0,12704.93,12704.93,1.2705
1417,2018-11-01,0.0,12755.43,12755.43,1.2755
1418,2018-11-02,0.0,12983.95,12983.95,1.2984
1419,2018-11-05,0.0,13037.76,13037.76,1.3038
1420,2018-11-06,0.0,12955.29,12955.29,1.2955
1421,2018-11-07,0.0,12972.44,12972.44,1.2972
1422,2018-11-08,0.0,12946.77,12946.77,1.2947
1423,2018-11-09,0.0,12922.34,12922.34,1.2922
1424,2018-11-12,0.0,13031.68,13031.68,1.3032
1425,2018-11-13,0.0,13131.47,13131.47,1.3131
1426,2018-11-14,0.0,13143.11,13143.11,1.3143
1427,2018-11-15,0.0,13286.52,13286.52,1.3287
1428,2018-11-16,0.0,13343.39,13343.39,1.3343
1429,2018-11-19,0.0,13376.96,13376.96,1.3377
1430,2018-11-20,0.0,13194.06,13194.06,1.3194
1431,2018-11-21,0.0,13187.81,13187.81,1.3188
1432,2018-11-22,0.0,13211.91,13211.91,1.3212
1433,2018-11-23,0.0,13075.8,13075.8,1.3076
1434,2018-11-26,0.0,13057.44,13057.44,1.3057
1435,2018-11-27,0.0,13078.55,13078.55,1.3079
1436,2018-11-28,0.0,13137.43,13137.43,1.3137
1437,2018-11-29,0.0,13046.7,13046.7,1.3047
1438,2018-11-30,0.0,13068.18,13068.18,1.3068
1439,2018-12-03,0.0,13223.03,13223.03,1.3223
1440,2018-12-04,0.0,13276.14,13276.14,1.3276
1441,2018-12-05,0.0,13256.08,13256.08,1.3256
1442,2018-12-06,0.0,13166.11,13166.11,1.3166
1443,2018-12-07,0.0,13210.68,13210.68,1.3211
1444,2018-12-10,0.0,13132.26,13132.26,1.3132
1445,2018-12-11,0.0,13118.3,13118.3,1.3118
1446,2018-12-12,0.0,13116.26,13116.26,1.3116
1447,2018-12-13,0.0,13176.41,13176.41,1.3176
1448,2018-12-14,0.0,13076.22,13076.22,1.3076
1449,2018-12-17,0.0,13040.73,13040.73,1.3041
1450,2018-12-18,0.0,12966.13,12966.13,1.2966
1451,2018-12-19,0.0,12920.16,12920.16,1.292
1452,2018-12-20,0.0,12893.54,12893.54,1.2894
1453,2018-12-21,0.0,12847.91,12847.91,1.2848
1454,2018-12-24,0.0,12890.95,12890.95,1.2891
1455,2018-12-25,0.0,12853.02,12853.02,1.2853
1456,2018-12-26,0.0,12886.8,12886.8,1.2887
1457,2018-12-27,0.0,12883.66,12883.66,1.2884
1458,2018-12-28,0.0,12910.18,12910.18,1.291
1459,2019-01-02,0.0,12923.61,12923.61,1.2924
1460,2019-01-03,0.0,12962.9,12962.9,1.2963
1461,2019-01-04,0.0,13110.65,13110.65,1.3111
1462,2019-01-07,0.0,13450.7,13450.7,1.3451
1463,2019-01-08,0.0,13470.53,13470.53,1.3471
1464,2019-01-09,0.0,13599.77,13599.77,1.36
1465,2019-01-10,0.0,13682.73,13682.73,1.3683
1466,2019-01-11,0.0,13784.35,13784.35,1.3784
1467,2019-01-14,0.0,13765.22,13765.22,1.3765
1468,2019-01-15,0.0,13854.63,13854.63,1.3855
1469,2019-01-16,0.0,13909.62,13909.62,1.391
1470,2019-01-17,0.0,13856.77,13856.77,1.3857
1471,2019-01-18,0.0,13811.6,13811.6,1.3812
1472,2019-01-21,0.0,13868.26,13868.26,1.3868
1473,2019-01-22,0.0,13778.33,13778.33,1.3778
1474,2019-01-23,0.0,13776.71,13776.71,1.3777
1475,2019-01-24,0.0,13839.25,13839.25,1.3839
1476,2019-01-25,0.0,13804.75,13804.75,1.3805
1477,2019-01-28,0.0,13694.06,13694.06,1.3694
1478,2019-01-29,0.0,13574.31,13574.31,1.3574
1479,2019-01-30,0.0,13528.57,13528.57,1.3529
1480,2019-01-31,0.0,13462.07,13462.07,1.3462
1481,2019-02-01,0.0,13653.09,13653.09,1.3653
1482,2019-02-11,0.0,13838.77,13838.77,1.3839
1483,2019-02-12,0.0,13912.17,13912.17,1.3912
1484,2019-02-13,0.0,14065.47,14065.47,1.4065
1485,2019-02-14,0.0,14133.43,14133.43,1.4133
1486,2019-02-15,0.0,14142.27,14142.27,1.4142
1487,2019-02-18,0.0,14494.83,14494.83,1.4495
1488,2019-02-19,0.0,14489.5,14489.5,1.449
1489,2019-02-20,0.0,14694.55,14694.55,1.4695
1490,2019-02-21,0.0,14794.84,14794.84,1.4795
1491,2019-02-22,0.0,15044.33,15044.33,1.5044
1492,2019-02-25,0.0,15741.97,15741.97,1.5742
1493,2019-02-26,0.0,15394.24,15394.24,1.5394
1494,2019-02-27,0.0,15427.84,15427.84,1.5428
1495,2019-02-28,0.0,15519.51,15519.51,1.552
1496,2019-03-01,0.0,15479.06,15479.06,1.5479
1497,2019-03-04,0.0,15682.26,15682.26,1.5682
1498,2019-03-05,0.0,16118.89,16118.89,1.6119
1499,2019-03-06,0.0,16527.85,16527.85,1.6528
1500,2019-03-07,0.0,16813.25,16813.25,1.6813
1501,2019-03-08,0.0,16493.23,16493.23,1.6493
1502,2019-03-11,0.0,16864.87,16864.87,1.6865
1503,2019-03-12,0.0,17046.18,17046.18,1.7046
1504,2019-03-13,0.0,16798.32,16798.32,1.6798
1505,2019-03-14,0.0,16459.42,16459.42,1.6459
1506,2019-03-15,0.0,16620.97,16620.97,1.6621
1507,2019-03-18,0.0,16985.92,16985.92,1.6986
1508,2019-03-19,0.0,17272.26,17272.26,1.7272
1509,2019-03-20,0.0,17311.65,17311.65,1.7312
1510,2019-03-21,0.0,17489.33,17489.33,1.7489
1511,2019-03-22,0.0,17409.17,17409.17,1.7409
1512,2019-03-25,0.0,17229.93,17229.93,1.723
1513,2019-03-26,0.0,16796.05,16796.05,1.6796
1514,2019-03-27,0.0,16814.12,16814.12,1.6814
1515,2019-03-28,0.0,16780.13,16780.13,1.678
1516,2019-03-29,0.0,17078.9,17078.9,1.7079
1517,2019-04-01,0.0,17472.92,17472.92,1.7473
1518,2019-04-02,0.0,17585.96,17585.96,1.7586
1519,2019-04-03,0.0,17728.75,17728.75,1.7729
1520,2019-04-04,0.0,17893.32,17893.32,1.7893
1521,2019-04-08,0.0,18137.06,18137.06,1.8137
1522,2019-04-09,0.0,17876.42,17876.42,1.7876
1523,2019-04-10,0.0,17731.79,17731.79,1.7732
1524,2019-04-11,0.0,17490.07,17490.07,1.749
1525,2019-04-12,0.0,17580.06,17580.06,1.758
1526,2019-04-15,0.0,17369.33,17369.33,1.7369
1527,2019-04-16,0.0,17435.91,17435.91,1.7436
1528,2019-04-17,0.0,17495.59,17495.59,1.7496
1529,2019-04-18,0.0,17596.99,17596.99,1.7597
1530,2019-04-19,0.0,17545.0,17545.0,1.7545
1531,2019-04-22,0.0,17717.15,17717.15,1.7717
1532,2019-04-23,0.0,17237.69,17237.69,1.7238
1533,2019-04-24,0.0,17100.6,17100.6,1.7101
1534,2019-04-25,0.0,17171.17,17171.17,1.7171
1535,2019-04-26,0.0,17238.08,17238.08,1.7238
1536,2019-04-29,0.0,16870.45,16870.45,1.687
1537,2019-04-30,0.0,17009.15,17009.15,1.7009
1538,2019-05-06,0.0,16521.66,16521.66,1.6522
1539,2019-05-07,0.0,16362.5,16362.5,1.6362
1540,2019-05-08,0.0,16369.88,16369.88,1.637
1541,2019-05-09,0.0,16449.97,16449.97,1.645
1542,2019-05-10,0.0,16776.57,16776.57,1.6777
1543,2019-05-13,0.0,16699.8,16699.8,1.67
1544,2019-05-14,0.0,16726.54,16726.54,1.6727
1545,2019-05-15,0.0,17047.36,17047.36,1.7047
1546,2019-05-16,0.0,17130.54,17130.54,1.7131
1547,2019-05-17,0.0,16684.29,16684.29,1.6684
1548,2019-05-20,0.0,16554.26,16554.26,1.6554
1549,2019-05-21,0.0,16657.71,16657.71,1.6658
1550,2019-05-22,0.0,16656.64,16656.64,1.6657
1551,2019-05-23,0.0,16535.85,16535.85,1.6536
1552,2019-05-24,0.0,16509.57,16509.57,1.651
1553,2019-05-27,0.0,16612.83,16612.83,1.6613
1554,2019-05-28,0.0,16620.04,16620.04,1.662
1555,2019-05-29,0.0,16628.97,16628.97,1.6629
1556,2019-05-30,0.0,16578.12,16578.12,1.6578
1557,2019-05-31,0.0,16522.82,16522.82,1.6523
1558,2019-06-03,0.0,16314.76,16314.76,1.6315
1559,2019-06-04,0.0,16191.78,16191.78,1.6192
1560,2019-06-05,0.0,16160.86,16160.86,1.6161
1561,2019-06-06,0.0,16014.36,16014.36,1.6014
1562,2019-06-10,0.0,16076.06,16076.06,1.6076
1563,2019-06-11,0.0,16516.84,16516.84,1.6517
1564,2019-06-12,0.0,16408.64,16408.64,1.6409
1565,2019-06-13,0.0,16423.57,16423.57,1.6424
1566,2019-06-14,0.0,16288.41,16288.41,1.6288
1567,2019-06-17,0.0,16256.42,16256.42,1.6256
1568,2019-06-18,0.0,16225.75,16225.75,1.6226
1569,2019-06-19,0.0,16346.13,16346.13,1.6346
1570,2019-06-20,0.0,16590.58,16590.58,1.6591
1571,2019-06-21,0.0,16795.65,16795.65,1.6796
1572,2019-06-24,0.0,16810.17,16810.17,1.681
1573,2019-06-25,0.0,16675.87,16675.87,1.6676
1574,2019-06-26,0.0,16730.0,16730.0,1.673
1575,2019-06-27,0.0,16788.57,16788.57,1.6789
1576,2019-06-28,0.0,16936.55,16936.55,1.6937
1577,2019-07-01,0.0,17358.91,17358.91,1.7359
1578,2019-07-02,0.0,17294.99,17294.99,1.7295
1579,2019-07-03,0.0,17149.67,17149.67,1.715
1580,2019-07-04,0.0,17282.36,17282.36,1.7282
1581,2019-07-05,0.0,17123.62,17123.62,1.7124
1582,2019-07-08,0.0,16953.4,16953.4,1.6953
1583,2019-07-09,0.0,16919.77,16919.77,1.692
1584,2019-07-10,0.0,16881.48,16881.48,1.6881
1585,2019-07-11,0.0,16893.02,16893.02,1.6893
1586,2019-07-12,0.0,16928.13,16928.13,1.6928
1587,2019-07-15,0.0,16958.25,16958.25,1.6958
1588,2019-07-16,0.0,16948.6,16948.6,1.6949
1589,2019-07-17,0.0,16983.08,16983.08,1.6983
1590,2019-07-18,0.0,16865.47,16865.47,1.6865
1591,2019-07-19,0.0,16884.25,16884.25,1.6884
1592,2019-07-22,0.0,16732.49,16732.49,1.6732
1593,2019-07-23,0.0,16768.06,16768.06,1.6768
1594,2019-07-24,0.0,16806.0,16806.0,1.6806
1595,2019-07-25,0.0,16832.25,16832.25,1.6832
1596,2019-07-26,0.0,16839.87,16839.87,1.684
1597,2019-07-29,0.0,16823.03,16823.03,1.6823
1598,2019-07-30,0.0,16879.81,16879.81,1.688
1599,2019-07-31,0.0,16875.96,16875.96,1.6876
1600,2019-08-01,0.0,16931.2,16931.2,1.6931
1601,2019-08-02,0.0,16873.57,16873.57,1.6874
1602,2019-08-05,0.0,16800.69,16800.69,1.6801
1603,2019-08-06,0.0,16641.05,16641.05,1.6641
1604,2019-08-07,0.0,16754.84,16754.84,1.6755
1605,2019-08-08,0.0,16787.53,16787.53,1.6788
1606,2019-08-09,0.0,16788.28,16788.28,1.6788
1607,2019-08-12,0.0,16837.36,16837.36,1.6837
1608,2019-08-13,0.0,16844.1,16844.1,1.6844
1609,2019-08-14,0.0,16866.4,16866.4,1.6866
1610,2019-08-15,0.0,16840.87,16840.87,1.6841
1611,2019-08-16,0.0,16957.42,16957.42,1.6957
1612,2019-08-19,0.0,17175.03,17175.03,1.7175
1613,2019-08-20,0.0,17276.69,17276.69,1.7277
1614,2019-08-21,0.0,17228.12,17228.12,1.7228
1615,2019-08-22,0.0,17229.77,17229.77,1.723
1616,2019-08-23,0.0,17284.7,17284.7,1.7285
1617,2019-08-26,0.0,17213.1,17213.1,1.7213
1618,2019-08-27,0.0,17377.37,17377.37,1.7377
1619,2019-08-28,0.0,17364.33,17364.33,1.7364
1620,2019-08-29,0.0,17376.76,17376.76,1.7377
1621,2019-08-30,0.0,17331.39,17331.39,1.7331
1622,2019-09-02,0.0,17425.19,17425.19,1.7425
1623,2019-09-03,0.0,17447.8,17447.8,1.7448
1624,2019-09-04,0.0,17502.43,17502.43,1.7502
1625,2019-09-05,0.0,17604.19,17604.19,1.7604
1626,2019-09-06,0.0,17730.04,17730.04,1.773
1627,2019-09-09,0.0,17901.29,17901.29,1.7901
1628,2019-09-10,0.0,18098.14,18098.14,1.8098
1629,2019-09-11,0.0,17985.25,17985.25,1.7985
1630,2019-09-12,0.0,17893.1,17893.1,1.7893
1631,2019-09-16,0.0,17904.12,17904.12,1.7904
1632,2019-09-17,0.0,17634.4,17634.4,1.7634
1633,2019-09-18,0.0,17653.18,17653.18,1.7653
1634,2019-09-19,0.0,17687.55,17687.55,1.7688
1635,2019-09-20,0.0,17818.82,17818.82,1.7819
1636,2019-09-23,0.0,17941.17,17941.17,1.7941
1637,2019-09-24,0.0,18006.2,18006.2,1.8006
1638,2019-09-25,0.0,17756.98,17756.98,1.7757
1639,2019-09-26,0.0,17631.65,17631.65,1.7632
1640,2019-09-27,0.0,17694.48,17694.48,1.7694
1641,2019-09-30,0.0,17655.39,17655.39,1.7655
1642,2019-10-08,0.0,17677.99,17677.99,1.7678
1643,2019-10-09,0.0,17757.75,17757.75,1.7758
1644,2019-10-10,0.0,17892.9,17892.9,1.7893
1645,2019-10-11,0.0,17956.13,17956.13,1.7956
1646,2019-10-14,0.0,18067.74,18067.74,1.8068
1647,2019-10-15,0.0,17940.22,17940.22,1.794
1648,2019-10-16,0.0,17926.33,17926.33,1.7926
1649,2019-10-17,0.0,17998.64,17998.64,1.7999
1650,2019-10-18,0.0,17851.21,17851.21,1.7851
1651,2019-10-21,0.0,17768.83,17768.83,1.7769
1652,2019-10-22,0.0,17801.77,17801.77,1.7802
1653,2019-10-23,0.0,17813.34,17813.34,1.7813
1654,2019-10-24,0.0,17742.26,17742.26,1.7742
1655,2019-10-25,0.0,17759.86,17759.86,1.776
1656,2019-10-28,0.0,18106.86,18106.86,1.8107
1657,2019-10-29,0.0,17960.0,17960.0,1.796
1658,2019-10-30,0.0,17653.0,17653.0,1.7653
1659,2019-10-31,0.0,17551.28,17551.28,1.7551
1660,2019-11-01,0.0,17702.11,17702.11,1.7702
1661,2019-11-04,0.0,17721.29,17721.29,1.7721
1662,2019-11-05,0.0,17733.4,17733.4,1.7733
1663,2019-11-06,0.0,17686.12,17686.12,1.7686
1664,2019-11-07,0.0,17881.55,17881.55,1.7882
1665,2019-11-08,0.0,17804.69,17804.69,1.7805
1666,2019-11-11,0.0,17684.95,17684.95,1.7685
1667,2019-11-12,0.0,17670.9,17670.9,1.7671
1668,2019-11-13,0.0,17629.48,17629.48,1.7629
1669,2019-11-14,0.0,17659.17,17659.17,1.7659
1670,2019-11-15,0.0,17519.17,17519.17,1.7519
1671,2019-11-18,0.0,17513.22,17513.22,1.7513
1672,2019-11-19,0.0,17649.49,17649.49,1.7649
1673,2019-11-20,0.0,17691.98,17691.98,1.7692
1674,2019-11-21,0.0,17639.74,17639.74,1.764
1675,2019-11-22,0.0,17578.25,17578.25,1.7578
1676,2019-11-25,0.0,17594.56,17594.56,1.7595
1677,2019-11-26,0.0,17602.45,17602.45,1.7602
1678,2019-11-27,0.0,17583.45,17583.45,1.7583
1679,2019-11-28,0.0,17569.87,17569.87,1.757
1680,2019-11-29,0.0,17507.84,17507.84,1.7508
1681,2019-12-02,0.0,17502.03,17502.03,1.7502
1682,2019-12-03,0.0,17516.91,17516.91,1.7517
1683,2019-12-04,0.0,17604.79,17604.79,1.7605
1684,2019-12-05,0.0,17650.71,17650.71,1.7651
1685,2019-12-06,0.0,17738.94,17738.94,1.7739
1686,2019-12-09,0.0,17776.28,17776.28,1.7776
1687,2019-12-10,0.0,17885.82,17885.82,1.7886
1688,2019-12-11,0.0,17893.99,17893.99,1.7894
1689,2019-12-12,0.0,17919.68,17919.68,1.792
1690,2019-12-13,0.0,18023.75,18023.75,1.8024
1691,2019-12-16,0.0,18240.92,18240.92,1.8241
1692,2019-12-17,0.0,18412.5,18412.5,1.8412
1693,2019-12-18,0.0,18457.68,18457.68,1.8458
1694,2019-12-19,0.0,18548.03,18548.03,1.8548
1695,2019-12-20,0.0,18554.82,18554.82,1.8555
1696,2019-12-23,0.0,18364.36,18364.36,1.8364
1697,2019-12-24,893.08,18679.95,19573.03,1.9573
1698,2019-12-25,893.08,18716.88,19609.96,1.961
1699,2019-12-26,893.08,18826.8,19719.88,1.972
1700,2019-12-27,0.0,18705.52,18705.52,1.8706
1701,2019-12-30,0.0,18794.13,18794.13,1.8794
1702,2019-12-31,0.0,18941.97,18941.97,1.8942
1703,2020-01-02,0.0,19121.36,19121.36,1.9121
1704,2020-01-03,0.0,19218.44,19218.44,1.9218
1705,2020-01-06,0.0,19367.28,19367.28,1.9367
1706,2020-01-07,0.0,19428.55,19428.55,1.9429
1707,2020-01-08,0.0,19270.09,19270.09,1.927
1708,2020-01-09,0.0,19602.29,19602.29,1.9602
1709,2020-01-10,0.0,19496.58,19496.58,1.9497
1710,2020-01-13,0.0,19499.85,19499.85,1.95
1711,2020-01-14,0.0,19564.65,19564.65,1.9565
1712,2020-01-15,0.0,19481.93,19481.93,1.9482
1713,2020-01-16,0.0,19309.67,19309.67,1.931
1714,2020-01-17,0.0,19237.8,19237.8,1.9238
1715,2020-01-20,0.0,19326.2,19326.2,1.9326
1716,2020-01-21,0.0,19286.14,19286.14,1.9286
1717,2020-01-22,0.0,19284.52,19284.52,1.9285
1718,2020-01-23,0.0,18962.73,18962.73,1.8963
1719,2020-02-03,0.0,18234.16,18234.16,1.8234
1720,2020-02-04,0.0,18777.7,18777.7,1.8778
1721,2020-02-05,0.0,19236.54,19236.54,1.9237
1722,2020-02-06,0.0,19497.52,19497.52,1.9498
1723,2020-02-07,0.0,19609.25,19609.25,1.9609
1724,2020-02-10,0.0,19726.55,19726.55,1.9727
1725,2020-02-11,0.0,19662.56,19662.56,1.9663
1726,2020-02-12,0.0,19900.24,19900.24,1.99
1727,2020-02-13,0.0,19869.06,19869.06,1.9869
1728,2020-02-14,0.0,19936.64,19936.64,1.9937
1729,2020-02-17,0.0,20335.71,20335.71,2.0336
1730,2020-02-18,0.0,20686.6,20686.6,2.0687
1731,2020-02-19,1006.43,20875.09,21881.52,2.1882
1732,2020-02-20,1006.43,21102.42,22108.85,2.2109
1733,2020-02-21,1006.43,21644.53,22650.96,2.2651
1734,2020-02-24,1006.43,21738.03,22744.46,2.2744
1735,2020-02-25,1006.43,21540.07,22546.5,2.2546
1736,2020-02-26,1006.43,20976.64,21983.07,2.1983
1737,2020-02-27,1006.43,20921.24,21927.67,2.1928
1738,2020-02-28,1006.43,20134.5,21140.93,2.1141
1739,2020-03-02,1006.43,20551.75,21558.18,2.1558
1740,2020-03-03,0.0,20695.75,20695.75,2.0696
1741,2020-03-04,0.0,20687.89,20687.89,2.0688
1742,2020-03-05,0.0,20943.5,20943.5,2.0944
1743,2020-03-06,0.0,21098.03,21098.03,2.1098
1744,2020-03-09,0.0,20905.53,20905.53,2.0906
1745,2020-03-10,0.0,20945.71,20945.71,2.0946
1746,2020-03-11,0.0,20874.95,20874.95,2.0875
1747,2020-03-12,0.0,20849.77,20849.77,2.085
1748,2020-03-13,0.0,21354.89,21354.89,2.1355
1749,2020-03-16,0.0,21787.15,21787.15,2.1787
1750,2020-03-17,0.0,22457.59,22457.59,2.2458
1751,2020-03-18,0.0,22657.27,22657.27,2.2657
1752,2020-03-19,0.0,22856.09,22856.09,2.2856
1753,2020-03-20,0.0,22750.6,22750.6,2.2751
1754,2020-03-23,824.89,21222.89,22047.78,2.2048
1755,2020-03-24,824.89,21778.54,22603.43,2.2603
1756,2020-03-25,2615.64,20869.6,23485.24,2.3485
1757,2020-03-26,2615.64,20747.09,23362.73,2.3363
1758,2020-03-27,2615.64,20400.56,23016.2,2.3016
1759,2020-03-30,2615.64,20549.56,23165.2,2.3165
1760,2020-03-31,0.0,22488.19,22488.19,2.2488
1761,2020-04-01,0.0,22503.73,22503.73,2.2504
1762,2020-04-02,0.0,22667.95,22667.95,2.2668
1763,2020-04-03,0.0,22489.63,22489.63,2.249
1764,2020-04-07,0.0,22883.37,22883.37,2.2883
1765,2020-04-08,1355.87,22693.77,24049.64,2.405
1766,2020-04-09,1355.87,22784.09,24139.96,2.414
1767,2020-04-10,1355.87,22487.36,23843.23,2.3843
1768,2020-04-13,1355.87,22142.15,23498.02,2.3498
1769,2020-04-14,1355.87,22292.64,23648.51,2.3649
1770,2020-04-15,1355.87,22427.46,23783.33,2.3783
1771,2020-04-16,2469.27,21401.5,23870.77,2.3871
1772,2020-04-17,2469.27,21407.63,23876.9,2.3877
1773,2020-04-20,2469.27,21500.55,23969.82,2.397
1774,2020-04-21,2469.27,21380.77,23850.04,2.385
1775,2020-04-22,2469.27,21436.39,23905.66,2.3906
1776,2020-04-23,2469.27,21483.72,23952.99,2.3953
1777,2020-04-24,2469.27,21334.69,23803.96,2.3804
1778,2020-04-27,2469.27,21302.13,23771.4,2.3771
1779,2020-04-28,2469.27,21094.07,23563.34,2.3563
1780,2020-04-29,0.0,22324.17,22324.17,2.2324
1781,2020-04-30,0.0,22530.22,22530.22,2.253
1782,2020-05-06,0.0,22700.13,22700.13,2.27
1783,2020-05-07,0.0,22613.85,22613.85,2.2614
1784,2020-05-08,0.0,22683.99,22683.99,2.2684
1785,2020-05-11,0.0,22595.45,22595.45,2.2595
1786,2020-05-12,0.0,22577.03,22577.03,2.2577
1787,2020-05-13,0.0,22572.36,22572.36,2.2572
1788,2020-05-14,0.0,22311.39,22311.39,2.2311
1789,2020-05-15,0.0,22144.76,22144.76,2.2145
1790,2020-05-18,0.0,21943.1,21943.1,2.1943
1791,2020-05-19,0.0,22003.57,22003.57,2.2004
1792,2020-05-20,0.0,21719.15,21719.15,2.1719
1793,2020-05-21,1133.86,21670.37,22804.23,2.2804
1794,2020-05-22,1133.86,21479.33,22613.19,2.2613
1795,2020-05-25,1133.86,21311.07,22444.93,2.2445
1796,2020-05-26,1133.86,21532.24,22666.1,2.2666
1797,2020-05-27,1133.86,21614.85,22748.71,2.2749
1798,2020-05-28,1133.86,21553.87,22687.73,2.2688
1799,2020-05-29,1133.86,21726.78,22860.64,2.2861
1800,2020-06-01,0.0,22075.39,22075.39,2.2075
1801,2020-06-02,0.0,22154.07,22154.07,2.2154
1802,2020-06-03,0.0,22025.14,22025.14,2.2025
1803,2020-06-04,0.0,22068.58,22068.58,2.2069
1804,2020-06-05,0.0,22227.8,22227.8,2.2228
1805,2020-06-08,0.0,22218.73,22218.73,2.2219
1806,2020-06-09,0.0,22181.32,22181.32,2.2181
1807,2020-06-10,0.0,22119.36,22119.36,2.2119
1808,2020-06-11,0.0,22082.58,22082.58,2.2083
1809,2020-06-12,0.0,22193.31,22193.31,2.2193
1810,2020-06-15,0.0,22175.28,22175.28,2.2175
1811,2020-06-16,0.0,22316.37,22316.37,2.2316
1812,2020-06-17,1200.62,22353.18,23553.8,2.3554
1813,2020-06-18,1200.62,22345.74,23546.36,2.3546
1814,2020-06-19,1200.62,22342.6,23543.22,2.3543
1815,2020-06-22,1200.62,22302.62,23503.24,2.3503
1816,2020-06-23,1200.62,22103.94,23304.56,2.3305
1817,2020-06-24,1200.62,22043.94,23244.56,2.3245
1818,2020-06-29,1200.62,21965.61,23166.23,2.3166
1819,2020-06-30,1200.62,22189.42,23390.04,2.339
1820,2020-07-01,0.0,22377.37,22377.37,2.2377
1821,2020-07-02,0.0,22630.85,22630.85,2.2631
1822,2020-07-03,0.0,22846.81,22846.81,2.2847
1823,2020-07-06,0.0,23396.93,23396.93,2.3397
1824,2020-07-07,0.0,23395.74,23395.74,2.3396
1825,2020-07-08,0.0,23517.25,23517.25,2.3517
1826,2020-07-09,0.0,23852.84,23852.84,2.3853
1827,2020-07-10,0.0,23656.67,23656.67,2.3657
1828,2020-07-13,0.0,24195.9,24195.9,2.4196
1829,2020-07-14,0.0,23996.2,23996.2,2.3996
1830,2020-07-15,0.0,23792.66,23792.66,2.3793
1831,2020-07-16,0.0,23035.34,23035.34,2.3035
1832,2020-07-17,0.0,23136.35,23136.35,2.3136
1833,2020-07-20,0.0,23638.57,23638.57,2.3639
1834,2020-07-21,0.0,23720.21,23720.21,2.372
1835,2020-07-22,0.0,24034.63,24034.63,2.4035
1836,2020-07-23,0.0,24007.58,24007.58,2.4008
1837,2020-07-24,0.0,23550.23,23550.23,2.355
1838,2020-07-27,0.0,23538.68,23538.68,2.3539
1839,2020-07-28,0.0,23644.89,23644.89,2.3645
1840,2020-07-29,0.0,23985.38,23985.38,2.3985
1841,2020-07-30,0.0,24085.12,24085.12,2.4085
1842,2020-07-31,0.0,24227.98,24227.98,2.4228
1843,2020-08-03,0.0,24563.57,24563.57,2.4564
1844,2020-08-04,0.0,24537.4,24537.4,2.4537
1845,2020-08-05,0.0,24602.14,24602.14,2.4602
1846,2020-08-06,0.0,24514.2,24514.2,2.4514
1847,2020-08-07,0.0,24334.13,24334.13,2.4334
1848,2020-08-10,0.0,24572.92,24572.92,2.4573
1849,2020-08-11,0.0,24369.65,24369.65,2.437
1850,2020-08-12,0.0,24286.96,24286.96,2.4287
1851,2020-08-13,0.0,24453.54,24453.54,2.4454
1852,2020-08-14,0.0,24534.72,24534.72,2.4535
1853,2020-08-17,0.0,24708.79,24708.79,2.4709
1854,2020-08-18,0.0,24848.6,24848.6,2.4849
1855,2020-08-19,0.0,24741.2,24741.2,2.4741
1856,2020-08-20,0.0,24559.78,24559.78,2.456
1857,2020-08-21,0.0,24641.77,24641.77,2.4642
1858,2020-08-24,0.0,24642.02,24642.02,2.4642
1859,2020-08-25,0.0,24629.73,24629.73,2.463
1860,2020-08-26,0.0,24568.58,24568.58,2.4569
1861,2020-08-27,0.0,24641.51,24641.51,2.4642
1862,2020-08-28,1245.37,24803.67,26049.04,2.6049
1863,2020-08-31,1245.37,24806.19,26051.56,2.6052
1864,2020-09-01,1245.37,24947.92,26193.29,2.6193
1865,2020-09-02,1245.37,25186.15,26431.52,2.6432
1866,2020-09-03,1245.37,25186.37,26431.74,2.6432
1867,2020-09-04,1245.37,25251.6,26496.97,2.6497
1868,2020-09-07,1245.37,25168.89,26414.26,2.6414
1869,2020-09-08,1245.37,25222.92,26468.29,2.6468
1870,2020-09-09,1245.37,25063.79,26309.16,2.6309
1871,2020-09-10,1245.37,24661.7,25907.07,2.5907
1872,2020-09-11,1245.37,24728.44,25973.81,2.5974
1873,2020-09-14,1245.37,24908.45,26153.82,2.6154
1874,2020-09-15,1245.37,24793.13,26038.5,2.6038
1875,2020-09-16,1245.37,24590.18,25835.55,2.5836
1876,2020-09-17,1245.37,24815.62,26060.99,2.6061
1877,2020-09-18,1245.37,25159.89,26405.26,2.6405
1878,2020-09-21,1245.37,25382.86,26628.23,2.6628
1879,2020-09-22,1245.37,25101.75,26347.12,2.6347
1880,2020-09-23,0.0,25066.37,25066.37,2.5066
1881,2020-09-24,0.0,24742.87,24742.87,2.4743
1882,2020-09-25,0.0,24624.33,24624.33,2.4624
1883,2020-09-28,0.0,24269.48,24269.48,2.4269
1884,2020-09-29,0.0,24343.86,24343.86,2.4344
1885,2020-09-30,0.0,24331.5,24331.5,2.4332
1886,2020-10-09,0.0,24331.5,24331.5,2.4332
